Review ID,Review,Overall sentiment (Annotator),Aspect,Category,"Explicit Opinion phrase 
(adj)",Sentiment towards aspect,duplicate_of
1,The place is nice and peasant. Worth for the money. Staff was very friendly and supportive.,Positive,staff,Human Resources,friendly and supportive,Positive,
1,The place is nice and peasant. Worth for the money. Staff was very friendly and supportive.,Positive,place,Location,nice and peasant,Positive,
1,The place is nice and peasant. Worth for the money. Staff was very friendly and supportive.,Positive,money,Value,worth,Positive,
2,"Poor room service response ,
Calling to the reception takes so much time to have an answer.
Water request take more than One & half hour 
I requested king size bed ,but they give twin bed.",Negative,bed,Reservations,null,Negative,
2,"Poor room service response ,
Calling to the reception takes so much time to have an answer.
Water request take more than One & half hour 
I requested king size bed ,but they give twin bed.",Negative,reception,Human Resources,null,Negative,
2,"Poor room service response ,
Calling to the reception takes so much time to have an answer.
Water request take more than One & half hour 
I requested king size bed ,but they give twin bed.",Negative,request,Room services,null,Negative,
2,"Poor room service response ,
Calling to the reception takes so much time to have an answer.
Water request take more than One & half hour 
I requested king size bed ,but they give twin bed.",Negative,room service,Room services,poor,Negative,
3,"Mosquitoes ☹️
No markets and services around
The noise and veiw of the maintenance work
Poor internet signals sometimes",Negative,null,Location,null,Negative,
3,"Mosquitoes ☹️
No markets and services around
The noise and veiw of the maintenance work
Poor internet signals sometimes",Negative,null,General,null,Negative,
3,"Mosquitoes ☹️
No markets and services around
The noise and veiw of the maintenance work
Poor internet signals sometimes",Negative,Mosquitoes,General,null,Negative,
3,"Mosquitoes ☹️
No markets and services around
The noise and veiw of the maintenance work
Poor internet signals sometimes",Negative,internet signals,Amenities,poor,Negative,
4,"Amazing services, amazing staff, amazing room",Positive,service,Human Resources,amazing,Positive,
4,"Amazing services, amazing staff, amazing room",Positive,room,Room,amazing,Positive,
4,"Amazing services, amazing staff, amazing room",Positive,staff,Human Resources,amazing,Positive,
5,“bad experience”,Negative,experience,General,bad,Negative,
6,"Quiet, bigger then average. Perfect air conditioning - adjustable.
Good dinners.",Positive,null,Room,bigger,Positive,
6,"Quiet, bigger then average. Perfect air conditioning - adjustable.
Good dinners.",Positive,dinner,Food and beverage,good,Positive,
6,"Quiet, bigger then average. Perfect air conditioning - adjustable.
Good dinners.",Positive,air conditioning,Amenities,null,Positive,
6,"Quiet, bigger then average. Perfect air conditioning - adjustable.
Good dinners.",Positive,air conditioning,Amenities,perfect,Positive,
6,"Quiet, bigger then average. Perfect air conditioning - adjustable.
Good dinners.",Positive,null,Room,Quiet,Positive,
7,the management need to learn more on how to be professional,Negative,management,Human Resources,null,Negative,
8,"The hotel was neat 
I spent 2 nights was very comfy 
The rooms are pretty small 
And the queen bed is really a single bed in other hotels but it’s okay for two persons without a baby 
The room was clean but u have to ask for towels",Neutral,queen bed,Room,null,Negative,
8,"The hotel was neat 
I spent 2 nights was very comfy 
The rooms are pretty small 
And the queen bed is really a single bed in other hotels but it’s okay for two persons without a baby 
The room was clean but u have to ask for towels",Neutral,room,Room,clean,Positive,
8,"The hotel was neat 
I spent 2 nights was very comfy 
The rooms are pretty small 
And the queen bed is really a single bed in other hotels but it’s okay for two persons without a baby 
The room was clean but u have to ask for towels",Neutral,null,General,comfy,Positive,
8,"The hotel was neat 
I spent 2 nights was very comfy 
The rooms are pretty small 
And the queen bed is really a single bed in other hotels but it’s okay for two persons without a baby 
The room was clean but u have to ask for towels",Neutral,hotel,General,neat,Positive,
8,"The hotel was neat 
I spent 2 nights was very comfy 
The rooms are pretty small 
And the queen bed is really a single bed in other hotels but it’s okay for two persons without a baby 
The room was clean but u have to ask for towels",Neutral,towels,Amenities,null,Negative,
8,"The hotel was neat 
I spent 2 nights was very comfy 
The rooms are pretty small 
And the queen bed is really a single bed in other hotels but it’s okay for two persons without a baby 
The room was clean but u have to ask for towels",Neutral,room,Room,small,Negative,
9,"Toilets are very small and no enough socket to charge mobile. 
No telecom or wifi signals available in the Hotel rooms.",Negative,telecom,General,null,Negative,
9,"Toilets are very small and no enough socket to charge mobile. 
No telecom or wifi signals available in the Hotel rooms.",Negative,Toilets,Amenities,null,Negative,
9,"Toilets are very small and no enough socket to charge mobile. 
No telecom or wifi signals available in the Hotel rooms.",Negative,wifi,Amenities,null,Negative,
9,"Toilets are very small and no enough socket to charge mobile. 
No telecom or wifi signals available in the Hotel rooms.",Negative,Toilets,Amenities,small,Negative,
10,"“it was an amazing experience. I strongly recommend the hotel for everyone who would like to experience calmness, hospita”",Positive,null,General,amazing,Positive,
11,"We loved everything about our stay. It was our first trip to Yanbu and Radisson blu made it all the more special. The reception staff were excellent. Special mention to Ms. Anssam. She is a gem. She adjusted our check out time and was so accommodating about it. Helped us a lot, especially since we have little kids. These small gestures made a lot of difference, as we felt so welcome and special. 
All the other staff at the hotel were also, very courteous and hospitable. 
The rooms were clean and just perfect. Bathroom was clean and tidy. It is quite an old property but very well maintained and clean. 
Special highlight was the wonderful pool. My kids loved every moment in it. There is separate timing for men and women. Hence, there was good privacy. The pool was quite big so both adults and kids could enjoy it. It is an open air pool. It has all the facilities attached to it like bathrooms and changing/shower rooms. There is also an attached gym. 
The restaurant menu is quite reasonable. 
The grounds around the hotel is huge. Families can sit and have coffee while the kids can play at the small play area. Lush green gardens give it a picturesque look. 
We stayed during the national day weekend, so there was this fun celebration and cake cutting at the hotel lobby with music and hors d'oeuvres for all the guests and staff at the hotel. 
The city center is only a few kms away. The boating marina is just a 15 min drive from the hotel. Not to mention ample parking space at the hotel grounds which made everything so convenient. 
We will definitely stay at Radisson Blu on our next visit to Yanbu. Loved it!",Positive,parking,Amenities,ample,Positive,
11,"We loved everything about our stay. It was our first trip to Yanbu and Radisson blu made it all the more special. The reception staff were excellent. Special mention to Ms. Anssam. She is a gem. She adjusted our check out time and was so accommodating about it. Helped us a lot, especially since we have little kids. These small gestures made a lot of difference, as we felt so welcome and special. 
All the other staff at the hotel were also, very courteous and hospitable. 
The rooms were clean and just perfect. Bathroom was clean and tidy. It is quite an old property but very well maintained and clean. 
Special highlight was the wonderful pool. My kids loved every moment in it. There is separate timing for men and women. Hence, there was good privacy. The pool was quite big so both adults and kids could enjoy it. It is an open air pool. It has all the facilities attached to it like bathrooms and changing/shower rooms. There is also an attached gym. 
The restaurant menu is quite reasonable. 
The grounds around the hotel is huge. Families can sit and have coffee while the kids can play at the small play area. Lush green gardens give it a picturesque look. 
We stayed during the national day weekend, so there was this fun celebration and cake cutting at the hotel lobby with music and hors d'oeuvres for all the guests and staff at the hotel. 
The city center is only a few kms away. The boating marina is just a 15 min drive from the hotel. Not to mention ample parking space at the hotel grounds which made everything so convenient. 
We will definitely stay at Radisson Blu on our next visit to Yanbu. Loved it!",Positive,pool,Amenities,big,Positive,
11,"We loved everything about our stay. It was our first trip to Yanbu and Radisson blu made it all the more special. The reception staff were excellent. Special mention to Ms. Anssam. She is a gem. She adjusted our check out time and was so accommodating about it. Helped us a lot, especially since we have little kids. These small gestures made a lot of difference, as we felt so welcome and special. 
All the other staff at the hotel were also, very courteous and hospitable. 
The rooms were clean and just perfect. Bathroom was clean and tidy. It is quite an old property but very well maintained and clean. 
Special highlight was the wonderful pool. My kids loved every moment in it. There is separate timing for men and women. Hence, there was good privacy. The pool was quite big so both adults and kids could enjoy it. It is an open air pool. It has all the facilities attached to it like bathrooms and changing/shower rooms. There is also an attached gym. 
The restaurant menu is quite reasonable. 
The grounds around the hotel is huge. Families can sit and have coffee while the kids can play at the small play area. Lush green gardens give it a picturesque look. 
We stayed during the national day weekend, so there was this fun celebration and cake cutting at the hotel lobby with music and hors d'oeuvres for all the guests and staff at the hotel. 
The city center is only a few kms away. The boating marina is just a 15 min drive from the hotel. Not to mention ample parking space at the hotel grounds which made everything so convenient. 
We will definitely stay at Radisson Blu on our next visit to Yanbu. Loved it!",Positive,room,Room,clean and just perfect,Positive,
11,"We loved everything about our stay. It was our first trip to Yanbu and Radisson blu made it all the more special. The reception staff were excellent. Special mention to Ms. Anssam. She is a gem. She adjusted our check out time and was so accommodating about it. Helped us a lot, especially since we have little kids. These small gestures made a lot of difference, as we felt so welcome and special. 
All the other staff at the hotel were also, very courteous and hospitable. 
The rooms were clean and just perfect. Bathroom was clean and tidy. It is quite an old property but very well maintained and clean. 
Special highlight was the wonderful pool. My kids loved every moment in it. There is separate timing for men and women. Hence, there was good privacy. The pool was quite big so both adults and kids could enjoy it. It is an open air pool. It has all the facilities attached to it like bathrooms and changing/shower rooms. There is also an attached gym. 
The restaurant menu is quite reasonable. 
The grounds around the hotel is huge. Families can sit and have coffee while the kids can play at the small play area. Lush green gardens give it a picturesque look. 
We stayed during the national day weekend, so there was this fun celebration and cake cutting at the hotel lobby with music and hors d'oeuvres for all the guests and staff at the hotel. 
The city center is only a few kms away. The boating marina is just a 15 min drive from the hotel. Not to mention ample parking space at the hotel grounds which made everything so convenient. 
We will definitely stay at Radisson Blu on our next visit to Yanbu. Loved it!",Positive,bathroom,Amenities,clean and tidy,Positive,
11,"We loved everything about our stay. It was our first trip to Yanbu and Radisson blu made it all the more special. The reception staff were excellent. Special mention to Ms. Anssam. She is a gem. She adjusted our check out time and was so accommodating about it. Helped us a lot, especially since we have little kids. These small gestures made a lot of difference, as we felt so welcome and special. 
All the other staff at the hotel were also, very courteous and hospitable. 
The rooms were clean and just perfect. Bathroom was clean and tidy. It is quite an old property but very well maintained and clean. 
Special highlight was the wonderful pool. My kids loved every moment in it. There is separate timing for men and women. Hence, there was good privacy. The pool was quite big so both adults and kids could enjoy it. It is an open air pool. It has all the facilities attached to it like bathrooms and changing/shower rooms. There is also an attached gym. 
The restaurant menu is quite reasonable. 
The grounds around the hotel is huge. Families can sit and have coffee while the kids can play at the small play area. Lush green gardens give it a picturesque look. 
We stayed during the national day weekend, so there was this fun celebration and cake cutting at the hotel lobby with music and hors d'oeuvres for all the guests and staff at the hotel. 
The city center is only a few kms away. The boating marina is just a 15 min drive from the hotel. Not to mention ample parking space at the hotel grounds which made everything so convenient. 
We will definitely stay at Radisson Blu on our next visit to Yanbu. Loved it!",Positive,staff,Human Resources,excellent,Positive,
11,"We loved everything about our stay. It was our first trip to Yanbu and Radisson blu made it all the more special. The reception staff were excellent. Special mention to Ms. Anssam. She is a gem. She adjusted our check out time and was so accommodating about it. Helped us a lot, especially since we have little kids. These small gestures made a lot of difference, as we felt so welcome and special. 
All the other staff at the hotel were also, very courteous and hospitable. 
The rooms were clean and just perfect. Bathroom was clean and tidy. It is quite an old property but very well maintained and clean. 
Special highlight was the wonderful pool. My kids loved every moment in it. There is separate timing for men and women. Hence, there was good privacy. The pool was quite big so both adults and kids could enjoy it. It is an open air pool. It has all the facilities attached to it like bathrooms and changing/shower rooms. There is also an attached gym. 
The restaurant menu is quite reasonable. 
The grounds around the hotel is huge. Families can sit and have coffee while the kids can play at the small play area. Lush green gardens give it a picturesque look. 
We stayed during the national day weekend, so there was this fun celebration and cake cutting at the hotel lobby with music and hors d'oeuvres for all the guests and staff at the hotel. 
The city center is only a few kms away. The boating marina is just a 15 min drive from the hotel. Not to mention ample parking space at the hotel grounds which made everything so convenient. 
We will definitely stay at Radisson Blu on our next visit to Yanbu. Loved it!",Positive,grounds,Amenities,huge,Positive,
11,"We loved everything about our stay. It was our first trip to Yanbu and Radisson blu made it all the more special. The reception staff were excellent. Special mention to Ms. Anssam. She is a gem. She adjusted our check out time and was so accommodating about it. Helped us a lot, especially since we have little kids. These small gestures made a lot of difference, as we felt so welcome and special. 
All the other staff at the hotel were also, very courteous and hospitable. 
The rooms were clean and just perfect. Bathroom was clean and tidy. It is quite an old property but very well maintained and clean. 
Special highlight was the wonderful pool. My kids loved every moment in it. There is separate timing for men and women. Hence, there was good privacy. The pool was quite big so both adults and kids could enjoy it. It is an open air pool. It has all the facilities attached to it like bathrooms and changing/shower rooms. There is also an attached gym. 
The restaurant menu is quite reasonable. 
The grounds around the hotel is huge. Families can sit and have coffee while the kids can play at the small play area. Lush green gardens give it a picturesque look. 
We stayed during the national day weekend, so there was this fun celebration and cake cutting at the hotel lobby with music and hors d'oeuvres for all the guests and staff at the hotel. 
The city center is only a few kms away. The boating marina is just a 15 min drive from the hotel. Not to mention ample parking space at the hotel grounds which made everything so convenient. 
We will definitely stay at Radisson Blu on our next visit to Yanbu. Loved it!",Positive,everything,General,loved,Positive,
11,"We loved everything about our stay. It was our first trip to Yanbu and Radisson blu made it all the more special. The reception staff were excellent. Special mention to Ms. Anssam. She is a gem. She adjusted our check out time and was so accommodating about it. Helped us a lot, especially since we have little kids. These small gestures made a lot of difference, as we felt so welcome and special. 
All the other staff at the hotel were also, very courteous and hospitable. 
The rooms were clean and just perfect. Bathroom was clean and tidy. It is quite an old property but very well maintained and clean. 
Special highlight was the wonderful pool. My kids loved every moment in it. There is separate timing for men and women. Hence, there was good privacy. The pool was quite big so both adults and kids could enjoy it. It is an open air pool. It has all the facilities attached to it like bathrooms and changing/shower rooms. There is also an attached gym. 
The restaurant menu is quite reasonable. 
The grounds around the hotel is huge. Families can sit and have coffee while the kids can play at the small play area. Lush green gardens give it a picturesque look. 
We stayed during the national day weekend, so there was this fun celebration and cake cutting at the hotel lobby with music and hors d'oeuvres for all the guests and staff at the hotel. 
The city center is only a few kms away. The boating marina is just a 15 min drive from the hotel. Not to mention ample parking space at the hotel grounds which made everything so convenient. 
We will definitely stay at Radisson Blu on our next visit to Yanbu. Loved it!",Positive,null,Human Resources,null,Positive,
11,"We loved everything about our stay. It was our first trip to Yanbu and Radisson blu made it all the more special. The reception staff were excellent. Special mention to Ms. Anssam. She is a gem. She adjusted our check out time and was so accommodating about it. Helped us a lot, especially since we have little kids. These small gestures made a lot of difference, as we felt so welcome and special. 
All the other staff at the hotel were also, very courteous and hospitable. 
The rooms were clean and just perfect. Bathroom was clean and tidy. It is quite an old property but very well maintained and clean. 
Special highlight was the wonderful pool. My kids loved every moment in it. There is separate timing for men and women. Hence, there was good privacy. The pool was quite big so both adults and kids could enjoy it. It is an open air pool. It has all the facilities attached to it like bathrooms and changing/shower rooms. There is also an attached gym. 
The restaurant menu is quite reasonable. 
The grounds around the hotel is huge. Families can sit and have coffee while the kids can play at the small play area. Lush green gardens give it a picturesque look. 
We stayed during the national day weekend, so there was this fun celebration and cake cutting at the hotel lobby with music and hors d'oeuvres for all the guests and staff at the hotel. 
The city center is only a few kms away. The boating marina is just a 15 min drive from the hotel. Not to mention ample parking space at the hotel grounds which made everything so convenient. 
We will definitely stay at Radisson Blu on our next visit to Yanbu. Loved it!",Positive,property,General,null,Positive,
11,"We loved everything about our stay. It was our first trip to Yanbu and Radisson blu made it all the more special. The reception staff were excellent. Special mention to Ms. Anssam. She is a gem. She adjusted our check out time and was so accommodating about it. Helped us a lot, especially since we have little kids. These small gestures made a lot of difference, as we felt so welcome and special. 
All the other staff at the hotel were also, very courteous and hospitable. 
The rooms were clean and just perfect. Bathroom was clean and tidy. It is quite an old property but very well maintained and clean. 
Special highlight was the wonderful pool. My kids loved every moment in it. There is separate timing for men and women. Hence, there was good privacy. The pool was quite big so both adults and kids could enjoy it. It is an open air pool. It has all the facilities attached to it like bathrooms and changing/shower rooms. There is also an attached gym. 
The restaurant menu is quite reasonable. 
The grounds around the hotel is huge. Families can sit and have coffee while the kids can play at the small play area. Lush green gardens give it a picturesque look. 
We stayed during the national day weekend, so there was this fun celebration and cake cutting at the hotel lobby with music and hors d'oeuvres for all the guests and staff at the hotel. 
The city center is only a few kms away. The boating marina is just a 15 min drive from the hotel. Not to mention ample parking space at the hotel grounds which made everything so convenient. 
We will definitely stay at Radisson Blu on our next visit to Yanbu. Loved it!",Positive,null,Location,null,Positive,
11,"We loved everything about our stay. It was our first trip to Yanbu and Radisson blu made it all the more special. The reception staff were excellent. Special mention to Ms. Anssam. She is a gem. She adjusted our check out time and was so accommodating about it. Helped us a lot, especially since we have little kids. These small gestures made a lot of difference, as we felt so welcome and special. 
All the other staff at the hotel were also, very courteous and hospitable. 
The rooms were clean and just perfect. Bathroom was clean and tidy. It is quite an old property but very well maintained and clean. 
Special highlight was the wonderful pool. My kids loved every moment in it. There is separate timing for men and women. Hence, there was good privacy. The pool was quite big so both adults and kids could enjoy it. It is an open air pool. It has all the facilities attached to it like bathrooms and changing/shower rooms. There is also an attached gym. 
The restaurant menu is quite reasonable. 
The grounds around the hotel is huge. Families can sit and have coffee while the kids can play at the small play area. Lush green gardens give it a picturesque look. 
We stayed during the national day weekend, so there was this fun celebration and cake cutting at the hotel lobby with music and hors d'oeuvres for all the guests and staff at the hotel. 
The city center is only a few kms away. The boating marina is just a 15 min drive from the hotel. Not to mention ample parking space at the hotel grounds which made everything so convenient. 
We will definitely stay at Radisson Blu on our next visit to Yanbu. Loved it!",Positive,gardens,Amenities,picturesque,Positive,
11,"We loved everything about our stay. It was our first trip to Yanbu and Radisson blu made it all the more special. The reception staff were excellent. Special mention to Ms. Anssam. She is a gem. She adjusted our check out time and was so accommodating about it. Helped us a lot, especially since we have little kids. These small gestures made a lot of difference, as we felt so welcome and special. 
All the other staff at the hotel were also, very courteous and hospitable. 
The rooms were clean and just perfect. Bathroom was clean and tidy. It is quite an old property but very well maintained and clean. 
Special highlight was the wonderful pool. My kids loved every moment in it. There is separate timing for men and women. Hence, there was good privacy. The pool was quite big so both adults and kids could enjoy it. It is an open air pool. It has all the facilities attached to it like bathrooms and changing/shower rooms. There is also an attached gym. 
The restaurant menu is quite reasonable. 
The grounds around the hotel is huge. Families can sit and have coffee while the kids can play at the small play area. Lush green gardens give it a picturesque look. 
We stayed during the national day weekend, so there was this fun celebration and cake cutting at the hotel lobby with music and hors d'oeuvres for all the guests and staff at the hotel. 
The city center is only a few kms away. The boating marina is just a 15 min drive from the hotel. Not to mention ample parking space at the hotel grounds which made everything so convenient. 
We will definitely stay at Radisson Blu on our next visit to Yanbu. Loved it!",Positive,menu,Food and beverage,quite reasonable,Neutral,
11,"We loved everything about our stay. It was our first trip to Yanbu and Radisson blu made it all the more special. The reception staff were excellent. Special mention to Ms. Anssam. She is a gem. She adjusted our check out time and was so accommodating about it. Helped us a lot, especially since we have little kids. These small gestures made a lot of difference, as we felt so welcome and special. 
All the other staff at the hotel were also, very courteous and hospitable. 
The rooms were clean and just perfect. Bathroom was clean and tidy. It is quite an old property but very well maintained and clean. 
Special highlight was the wonderful pool. My kids loved every moment in it. There is separate timing for men and women. Hence, there was good privacy. The pool was quite big so both adults and kids could enjoy it. It is an open air pool. It has all the facilities attached to it like bathrooms and changing/shower rooms. There is also an attached gym. 
The restaurant menu is quite reasonable. 
The grounds around the hotel is huge. Families can sit and have coffee while the kids can play at the small play area. Lush green gardens give it a picturesque look. 
We stayed during the national day weekend, so there was this fun celebration and cake cutting at the hotel lobby with music and hors d'oeuvres for all the guests and staff at the hotel. 
The city center is only a few kms away. The boating marina is just a 15 min drive from the hotel. Not to mention ample parking space at the hotel grounds which made everything so convenient. 
We will definitely stay at Radisson Blu on our next visit to Yanbu. Loved it!",Positive,staff,Human Resources,very courteous and hospitable,Positive,
11,"We loved everything about our stay. It was our first trip to Yanbu and Radisson blu made it all the more special. The reception staff were excellent. Special mention to Ms. Anssam. She is a gem. She adjusted our check out time and was so accommodating about it. Helped us a lot, especially since we have little kids. These small gestures made a lot of difference, as we felt so welcome and special. 
All the other staff at the hotel were also, very courteous and hospitable. 
The rooms were clean and just perfect. Bathroom was clean and tidy. It is quite an old property but very well maintained and clean. 
Special highlight was the wonderful pool. My kids loved every moment in it. There is separate timing for men and women. Hence, there was good privacy. The pool was quite big so both adults and kids could enjoy it. It is an open air pool. It has all the facilities attached to it like bathrooms and changing/shower rooms. There is also an attached gym. 
The restaurant menu is quite reasonable. 
The grounds around the hotel is huge. Families can sit and have coffee while the kids can play at the small play area. Lush green gardens give it a picturesque look. 
We stayed during the national day weekend, so there was this fun celebration and cake cutting at the hotel lobby with music and hors d'oeuvres for all the guests and staff at the hotel. 
The city center is only a few kms away. The boating marina is just a 15 min drive from the hotel. Not to mention ample parking space at the hotel grounds which made everything so convenient. 
We will definitely stay at Radisson Blu on our next visit to Yanbu. Loved it!",Positive,pool,Amenities,wonderful,Positive,
12,“Overall it seems to be the best hotel I’ve ever stayed in Saudi Arabia. Stuff was helpful and professional”,Positive,hotel,General,best,Positive,
12,“Overall it seems to be the best hotel I’ve ever stayed in Saudi Arabia. Stuff was helpful and professional”,Positive,Stuff,Human Resources,helpful and professional,Positive,
13,The hotel charged me 50riyals extra when I reached at morning 3am.,Negative,hotel,Value,null,Negative,
14,“They have mentioned in booking that I can stay until 6 pm but the reception forced to leave at 3 pm otherwise they will”,Negative,null,Front office,null,Negative,
15,No English speaking receptionists. Cleaners/Bell Boy are the interpreters.,Negative,receptionists,Human Resources,null,Negative,
16,"The person at the reception.
He was so rude and impolite.
He asked me to go the gas station and get cash to pay for my stay which was only for 6 hours due to i had connecetion flight.
He and his boss claimed that the machine was not working.
They did that with every one and think becaus they wanted to avoid paying tax.
The toilet mirror was broken and dirty, the toilet was leaking , the shower had no curtains, bed was hard and uncomfortable. It also had bad smell and full of cigarettes.
This was the worest hotel i ever been to and I don't recommend it at all not even to an animal.
Room curtains were falling down.
Room cleanliness was trouble.",Negative,null,Amenities,bad smell,Negative,
16,"The person at the reception.
He was so rude and impolite.
He asked me to go the gas station and get cash to pay for my stay which was only for 6 hours due to i had connecetion flight.
He and his boss claimed that the machine was not working.
They did that with every one and think becaus they wanted to avoid paying tax.
The toilet mirror was broken and dirty, the toilet was leaking , the shower had no curtains, bed was hard and uncomfortable. It also had bad smell and full of cigarettes.
This was the worest hotel i ever been to and I don't recommend it at all not even to an animal.
Room curtains were falling down.
Room cleanliness was trouble.",Negative,toilet mirror,Amenities,broken and dirty,Negative,
16,"The person at the reception.
He was so rude and impolite.
He asked me to go the gas station and get cash to pay for my stay which was only for 6 hours due to i had connecetion flight.
He and his boss claimed that the machine was not working.
They did that with every one and think becaus they wanted to avoid paying tax.
The toilet mirror was broken and dirty, the toilet was leaking , the shower had no curtains, bed was hard and uncomfortable. It also had bad smell and full of cigarettes.
This was the worest hotel i ever been to and I don't recommend it at all not even to an animal.
Room curtains were falling down.
Room cleanliness was trouble.",Negative,curtains,Amenities,falling,Negative,
16,"The person at the reception.
He was so rude and impolite.
He asked me to go the gas station and get cash to pay for my stay which was only for 6 hours due to i had connecetion flight.
He and his boss claimed that the machine was not working.
They did that with every one and think becaus they wanted to avoid paying tax.
The toilet mirror was broken and dirty, the toilet was leaking , the shower had no curtains, bed was hard and uncomfortable. It also had bad smell and full of cigarettes.
This was the worest hotel i ever been to and I don't recommend it at all not even to an animal.
Room curtains were falling down.
Room cleanliness was trouble.",Negative,bed,Amenities,hard and uncomfortable,Negative,
16,"The person at the reception.
He was so rude and impolite.
He asked me to go the gas station and get cash to pay for my stay which was only for 6 hours due to i had connecetion flight.
He and his boss claimed that the machine was not working.
They did that with every one and think becaus they wanted to avoid paying tax.
The toilet mirror was broken and dirty, the toilet was leaking , the shower had no curtains, bed was hard and uncomfortable. It also had bad smell and full of cigarettes.
This was the worest hotel i ever been to and I don't recommend it at all not even to an animal.
Room curtains were falling down.
Room cleanliness was trouble.",Negative,toilet,Amenities,leaking,Negative,
16,"The person at the reception.
He was so rude and impolite.
He asked me to go the gas station and get cash to pay for my stay which was only for 6 hours due to i had connecetion flight.
He and his boss claimed that the machine was not working.
They did that with every one and think becaus they wanted to avoid paying tax.
The toilet mirror was broken and dirty, the toilet was leaking , the shower had no curtains, bed was hard and uncomfortable. It also had bad smell and full of cigarettes.
This was the worest hotel i ever been to and I don't recommend it at all not even to an animal.
Room curtains were falling down.
Room cleanliness was trouble.",Negative,cleanliness,Housekeeping,null,Negative,
16,"The person at the reception.
He was so rude and impolite.
He asked me to go the gas station and get cash to pay for my stay which was only for 6 hours due to i had connecetion flight.
He and his boss claimed that the machine was not working.
They did that with every one and think becaus they wanted to avoid paying tax.
The toilet mirror was broken and dirty, the toilet was leaking , the shower had no curtains, bed was hard and uncomfortable. It also had bad smell and full of cigarettes.
This was the worest hotel i ever been to and I don't recommend it at all not even to an animal.
Room curtains were falling down.
Room cleanliness was trouble.",Negative,shower,Amenities,null,Negative,
16,"The person at the reception.
He was so rude and impolite.
He asked me to go the gas station and get cash to pay for my stay which was only for 6 hours due to i had connecetion flight.
He and his boss claimed that the machine was not working.
They did that with every one and think becaus they wanted to avoid paying tax.
The toilet mirror was broken and dirty, the toilet was leaking , the shower had no curtains, bed was hard and uncomfortable. It also had bad smell and full of cigarettes.
This was the worest hotel i ever been to and I don't recommend it at all not even to an animal.
Room curtains were falling down.
Room cleanliness was trouble.",Negative,reception,Human Resources,rude and impolite,Negative,
16,"The person at the reception.
He was so rude and impolite.
He asked me to go the gas station and get cash to pay for my stay which was only for 6 hours due to i had connecetion flight.
He and his boss claimed that the machine was not working.
They did that with every one and think becaus they wanted to avoid paying tax.
The toilet mirror was broken and dirty, the toilet was leaking , the shower had no curtains, bed was hard and uncomfortable. It also had bad smell and full of cigarettes.
This was the worest hotel i ever been to and I don't recommend it at all not even to an animal.
Room curtains were falling down.
Room cleanliness was trouble.",Negative,hotel,General,worest,Negative,
17,Room was clean and beds were quite comfortable. Breakfast was also good. Best thing was that the parking was free. Location also close to Haram. Checkin/ Reception staff was really helpful.,Positive,room,Room,clean,Positive,
17,Room was clean and beds were quite comfortable. Breakfast was also good. Best thing was that the parking was free. Location also close to Haram. Checkin/ Reception staff was really helpful.,Positive,beds,Amenities,comfortable,Positive,
17,Room was clean and beds were quite comfortable. Breakfast was also good. Best thing was that the parking was free. Location also close to Haram. Checkin/ Reception staff was really helpful.,Positive,parking,Amenities,free,Positive,
17,Room was clean and beds were quite comfortable. Breakfast was also good. Best thing was that the parking was free. Location also close to Haram. Checkin/ Reception staff was really helpful.,Positive,Breakfast,Food and beverage,good,Positive,
17,Room was clean and beds were quite comfortable. Breakfast was also good. Best thing was that the parking was free. Location also close to Haram. Checkin/ Reception staff was really helpful.,Positive,Checkin/ Reception staff,Human Resources,helpful,Positive,
17,Room was clean and beds were quite comfortable. Breakfast was also good. Best thing was that the parking was free. Location also close to Haram. Checkin/ Reception staff was really helpful.,Positive,location,Location,null,Positive,
18,“it was good as it was near to haram but staff and cleanliness needs to improve”,Neutral,null,General,good,Positive,
18,“it was good as it was near to haram but staff and cleanliness needs to improve”,Neutral,null,Location,null,Positive,
18,“it was good as it was near to haram but staff and cleanliness needs to improve”,Neutral,cleanliness,Housekeeping,null,Negative,
18,“it was good as it was near to haram but staff and cleanliness needs to improve”,Neutral,staff,Human Resources,null,Negative,
19,“It was a good experience and feel happy staying at Holiday Inn Jeddah Gateway.”,Positive,experience,General,good,Positive,
20,Room is small. WiFi is open (unsecured). elevators are screwed up - You go up when you're supposed to go down and sometimes you can't take the elevator because there are people in it going in the opposite direction. TV selection sucks!,Negative,wifi,Amenities,open (unsecured),Neutral,
20,Room is small. WiFi is open (unsecured). elevators are screwed up - You go up when you're supposed to go down and sometimes you can't take the elevator because there are people in it going in the opposite direction. TV selection sucks!,Negative,elevators,Amenities,screwed,Negative,
20,Room is small. WiFi is open (unsecured). elevators are screwed up - You go up when you're supposed to go down and sometimes you can't take the elevator because there are people in it going in the opposite direction. TV selection sucks!,Negative,room,Room,small,Negative,
20,Room is small. WiFi is open (unsecured). elevators are screwed up - You go up when you're supposed to go down and sometimes you can't take the elevator because there are people in it going in the opposite direction. TV selection sucks!,Negative,tv selection,Amenities,sucks,Negative,
21,"Very clean rooms, everything was new, fresh, prim and proper. Staff was very generous and gave us an upgrade for free. We were travelling in a group of 5 families. Location is very ideal and there is plenty of parking spaces near the property.",Positive,room,Room,clean,Positive,
21,"Very clean rooms, everything was new, fresh, prim and proper. Staff was very generous and gave us an upgrade for free. We were travelling in a group of 5 families. Location is very ideal and there is plenty of parking spaces near the property.",Positive,staff,Human Resources,generous,Positive,
21,"Very clean rooms, everything was new, fresh, prim and proper. Staff was very generous and gave us an upgrade for free. We were travelling in a group of 5 families. Location is very ideal and there is plenty of parking spaces near the property.",Positive,location,Location,ideal,Positive,
21,"Very clean rooms, everything was new, fresh, prim and proper. Staff was very generous and gave us an upgrade for free. We were travelling in a group of 5 families. Location is very ideal and there is plenty of parking spaces near the property.",Positive,parking,Amenities,null,Positive,
22,"“Not worth the high price, considering there are other better options in same price range in Haram.”",Negative,price,Value,null,Negative,
23,The comfort room is not that clean..the sink is dirty floor of the comfort room is still wet when i checked in.,Negative,sink,Amenities,dirty,Negative,
23,The comfort room is not that clean..the sink is dirty floor of the comfort room is still wet when i checked in.,Negative,room,Room,not that clean,Negative,
23,The comfort room is not that clean..the sink is dirty floor of the comfort room is still wet when i checked in.,Negative,floor,Amenities,wet,Negative,
24,"All staff are nice specially the receptionist Mashael , i loved the overall experience and when i comeback for sure i will book it again.",Positive,experience,General,loved,Positive,
24,"All staff are nice specially the receptionist Mashael , i loved the overall experience and when i comeback for sure i will book it again.",Positive,receptionist,Human Resources,nice,Positive,
24,"All staff are nice specially the receptionist Mashael , i loved the overall experience and when i comeback for sure i will book it again.",Positive,staff,Human Resources,nice,Positive,
25,"“Good Value for Money, not 100% up to IHG standards but still professional.”",Neutral,standards,General,null,Negative,
25,"“Good Value for Money, not 100% up to IHG standards but still professional.”",Neutral,value,Value,good,Positive,
26,Electricity was switched off in morning for few hours due to some fault. Wash Room Door lock wasn't working n wash basin was too small.,Negative,Electricity,Amenities,switched off,Negative,
26,Electricity was switched off in morning for few hours due to some fault. Wash Room Door lock wasn't working n wash basin was too small.,Negative,Door lock,Amenities,wasn't working,Negative,
26,Electricity was switched off in morning for few hours due to some fault. Wash Room Door lock wasn't working n wash basin was too small.,Negative,lock,Engineering,wasn't working,Negative,
27,"One of the receptionist provided very worst room which the facilities was worst. And he claims that no more roms are empty.
1st day I suffered with no aircon and unclean toilet.
The next day the another receptionist provided me a nice room with good facilities. Later on I have noticed more rooms are empty.",Neutral,facilities,Amenities,good,Positive,
27,"One of the receptionist provided very worst room which the facilities was worst. And he claims that no more roms are empty.
1st day I suffered with no aircon and unclean toilet.
The next day the another receptionist provided me a nice room with good facilities. Later on I have noticed more rooms are empty.",Neutral,room,Room,nice,Negative,
27,"One of the receptionist provided very worst room which the facilities was worst. And he claims that no more roms are empty.
1st day I suffered with no aircon and unclean toilet.
The next day the another receptionist provided me a nice room with good facilities. Later on I have noticed more rooms are empty.",Neutral,aircon,Amenities,no aircon,Negative,
27,"One of the receptionist provided very worst room which the facilities was worst. And he claims that no more roms are empty.
1st day I suffered with no aircon and unclean toilet.
The next day the another receptionist provided me a nice room with good facilities. Later on I have noticed more rooms are empty.",Neutral,toilet,Amenities,unclean,Negative,
27,"One of the receptionist provided very worst room which the facilities was worst. And he claims that no more roms are empty.
1st day I suffered with no aircon and unclean toilet.
The next day the another receptionist provided me a nice room with good facilities. Later on I have noticed more rooms are empty.",Neutral,facilities,Amenities,worst,Negative,
27,"One of the receptionist provided very worst room which the facilities was worst. And he claims that no more roms are empty.
1st day I suffered with no aircon and unclean toilet.
The next day the another receptionist provided me a nice room with good facilities. Later on I have noticed more rooms are empty.",Neutral,room,Room,worst,Negative,
28,"We didn't like it at all, rooms were so small, aircon and fridge was not working at all, we changed rooms twice, house keeping was zero, towels and bin bags were missing, not supplied after reminder calls, pillow cover was dirty etc.",Negative,null,General,didn't like,Negative,
28,"We didn't like it at all, rooms were so small, aircon and fridge was not working at all, we changed rooms twice, house keeping was zero, towels and bin bags were missing, not supplied after reminder calls, pillow cover was dirty etc.",Negative,pillow cover,Housekeeping,dirty,Negative,
28,"We didn't like it at all, rooms were so small, aircon and fridge was not working at all, we changed rooms twice, house keeping was zero, towels and bin bags were missing, not supplied after reminder calls, pillow cover was dirty etc.",Negative,bin bags,Amenities,missing,Negative,
28,"We didn't like it at all, rooms were so small, aircon and fridge was not working at all, we changed rooms twice, house keeping was zero, towels and bin bags were missing, not supplied after reminder calls, pillow cover was dirty etc.",Negative,towels,Amenities,missing,Negative,
28,"We didn't like it at all, rooms were so small, aircon and fridge was not working at all, we changed rooms twice, house keeping was zero, towels and bin bags were missing, not supplied after reminder calls, pillow cover was dirty etc.",Negative,house keeping,Housekeeping,null,Negative,
28,"We didn't like it at all, rooms were so small, aircon and fridge was not working at all, we changed rooms twice, house keeping was zero, towels and bin bags were missing, not supplied after reminder calls, pillow cover was dirty etc.",Negative,room,Room,small,Negative,
28,"We didn't like it at all, rooms were so small, aircon and fridge was not working at all, we changed rooms twice, house keeping was zero, towels and bin bags were missing, not supplied after reminder calls, pillow cover was dirty etc.",Negative,fridge,Amenities,was not working,Negative,
29,The shower is over the bathtub and the hotel do not provide a mat for the tub. There was also an issue with the aircon control were we could not bring up the temperature,Negative,aircon,Amenities,null,Negative,
29,The shower is over the bathtub and the hotel do not provide a mat for the tub. There was also an issue with the aircon control were we could not bring up the temperature,Negative,mat,Amenities,do not provide,Negative,
30,"No cold water for the bathroom, the aircon condition is hot & need for additional slippers",Negative,aircon,Amenities,hot,Negative,
30,"No cold water for the bathroom, the aircon condition is hot & need for additional slippers",Negative,water,Engineering,no cold water,Negative,
30,"No cold water for the bathroom, the aircon condition is hot & need for additional slippers",Negative,slippers,Amenities,null,Negative,
31,the aircondition was so loud. breakfast was not nice at all,Negative,aircondition,Amenities,loud,Negative,
32,"-the aircond is not function
- Room is hot,nobody fix it",Negative,room,Room,hot,Negative,
32,"-the aircond is not function
- Room is hot,nobody fix it",Negative,Aircon,Amenities,not function,Negative,
33,"Noisy. I couldn't fall a sleep at night. 
No make up the room. 
Breakfast was not good.",Negative,null,General,noisy,Negative,
33,"Noisy. I couldn't fall a sleep at night. 
No make up the room. 
Breakfast was not good.",Negative,Breakfast,Food and beverage,not good,Negative,
33,"Noisy. I couldn't fall a sleep at night. 
No make up the room. 
Breakfast was not good.",Negative,room,Room,null,Negative,
34,"Reception staff are excellent Rena help me fixing the Aircondition in very professional way, Hussain also was very kind and helpful",Positive,Reception,Human Resources,excellent,Positive,
34,"Reception staff are excellent Rena help me fixing the Aircondition in very professional way, Hussain also was very kind and helpful",Positive,Reception staff,Human Resources,kind,Positive,
35,There are cockroaches inside the room. The bathroom is not that clean. The aircon heater is not working in the room. The light is dim and others are not working.,Negative,light,Amenities,dim,Negative,
35,There are cockroaches inside the room. The bathroom is not that clean. The aircon heater is not working in the room. The light is dim and others are not working.,Negative,bathroom,Amenities,not that clean,Negative,
35,There are cockroaches inside the room. The bathroom is not that clean. The aircon heater is not working in the room. The light is dim and others are not working.,Negative,aircon,Amenities,not working,Negative,
35,There are cockroaches inside the room. The bathroom is not that clean. The aircon heater is not working in the room. The light is dim and others are not working.,Negative,room,Room,null,Negative,
36,"This is my first time in your hotel, I really like it, one thing the aircon is a bit low on cold, hoping to come back again",Neutral,aircon,Amenities,bit low,Negative,
36,"This is my first time in your hotel, I really like it, one thing the aircon is a bit low on cold, hoping to come back again",Neutral,hotel,General,like it,Positive,
37,the aircondition was so loud. breakfast was not nice at all,Negative,breakfast,Amenities,not nice,Negative,31
38,"Old building, no maintenance , mastress with cover torn off, poor ventilation, broken AC unit, little/no supplies for bathroom. Smelly room.",Negative,supplies for bathroom,Amenities,null,Negative,
38,"Old building, no maintenance , mastress with cover torn off, poor ventilation, broken AC unit, little/no supplies for bathroom. Smelly room.",Negative,AC,Amenities,broken,Negative,
38,"Old building, no maintenance , mastress with cover torn off, poor ventilation, broken AC unit, little/no supplies for bathroom. Smelly room.",Negative,building,General,old,Negative,
38,"Old building, no maintenance , mastress with cover torn off, poor ventilation, broken AC unit, little/no supplies for bathroom. Smelly room.",Negative,ventilation,Amenities,poor,Negative,
38,"Old building, no maintenance , mastress with cover torn off, poor ventilation, broken AC unit, little/no supplies for bathroom. Smelly room.",Negative,room,Room,smelly,Negative,
38,"Old building, no maintenance , mastress with cover torn off, poor ventilation, broken AC unit, little/no supplies for bathroom. Smelly room.",Negative,mastress,Amenities,torn off,Negative,
39,The AC in the room was not working properly and staff did nothing to fix it,Negative,AC,Amenities,not working,Negative,
39,The AC in the room was not working properly and staff did nothing to fix it,Negative,staff,Human Resources,null,Negative,
40,"Furniture was old , the bathroom kept on dripping due to air-conditioner. Gym was just a small room and ac of that place was not working too well",Negative,bathroom,Amenities,dripping,Negative,
40,"Furniture was old , the bathroom kept on dripping due to air-conditioner. Gym was just a small room and ac of that place was not working too well",Negative,ac,Amenities,not working,Negative,
40,"Furniture was old , the bathroom kept on dripping due to air-conditioner. Gym was just a small room and ac of that place was not working too well",Negative,Gym,Amenities,null,Negative,
40,"Furniture was old , the bathroom kept on dripping due to air-conditioner. Gym was just a small room and ac of that place was not working too well",Negative,Furniture,Amenities,old,Negative,
41,"I have stayed at Hayat Regency Makkah before and I liked it the best of all hotels in the vicinity of Masjid Al-Haram, with Conrad Makkah on a similar level, but this stay surpassed my expectations.
Considering the backdrop of Corona, I didn’t expect the high level of service, especially during the hybrid (buffet + serviced) breakfast.
Our TV remote wasn’t working and they fixed it right away, I requested more complimentary water and they provided quickly. The AC controls responded quickly and perhaps the best that I’ve experienced in any hotel.
The whole family loved it, hence the gushing review :)",Positive,service,Human Resources,high level,Positive,
41,"I have stayed at Hayat Regency Makkah before and I liked it the best of all hotels in the vicinity of Masjid Al-Haram, with Conrad Makkah on a similar level, but this stay surpassed my expectations.
Considering the backdrop of Corona, I didn’t expect the high level of service, especially during the hybrid (buffet + serviced) breakfast.
Our TV remote wasn’t working and they fixed it right away, I requested more complimentary water and they provided quickly. The AC controls responded quickly and perhaps the best that I’ve experienced in any hotel.
The whole family loved it, hence the gushing review :)",Positive,hotel,General,liked it,Positive,
41,"I have stayed at Hayat Regency Makkah before and I liked it the best of all hotels in the vicinity of Masjid Al-Haram, with Conrad Makkah on a similar level, but this stay surpassed my expectations.
Considering the backdrop of Corona, I didn’t expect the high level of service, especially during the hybrid (buffet + serviced) breakfast.
Our TV remote wasn’t working and they fixed it right away, I requested more complimentary water and they provided quickly. The AC controls responded quickly and perhaps the best that I’ve experienced in any hotel.
The whole family loved it, hence the gushing review :)",Positive,breakfast,Food and beverage,null,Positive,
41,"I have stayed at Hayat Regency Makkah before and I liked it the best of all hotels in the vicinity of Masjid Al-Haram, with Conrad Makkah on a similar level, but this stay surpassed my expectations.
Considering the backdrop of Corona, I didn’t expect the high level of service, especially during the hybrid (buffet + serviced) breakfast.
Our TV remote wasn’t working and they fixed it right away, I requested more complimentary water and they provided quickly. The AC controls responded quickly and perhaps the best that I’ve experienced in any hotel.
The whole family loved it, hence the gushing review :)",Positive,null,Room services,provided quickly,Positive,
41,"I have stayed at Hayat Regency Makkah before and I liked it the best of all hotels in the vicinity of Masjid Al-Haram, with Conrad Makkah on a similar level, but this stay surpassed my expectations.
Considering the backdrop of Corona, I didn’t expect the high level of service, especially during the hybrid (buffet + serviced) breakfast.
Our TV remote wasn’t working and they fixed it right away, I requested more complimentary water and they provided quickly. The AC controls responded quickly and perhaps the best that I’ve experienced in any hotel.
The whole family loved it, hence the gushing review :)",Positive,AC,Amenities,responded quickly,Positive,
42,"The guys at recrption are really welcoming and hospitable, I had complained about an AC they ensure to get it repaired immediately and kept apologising and offering me another apartment.",Positive,AC,Amenities,repaired,Positive,
42,"The guys at recrption are really welcoming and hospitable, I had complained about an AC they ensure to get it repaired immediately and kept apologising and offering me another apartment.",Positive,recrption,Human Resources,welcoming,Positive,
43,"was very crowded, overly booked. the bathroom in the
reception is not clean , no cleaner . sometimes men go into women bathroom.
they are very strict in checkin time, we stayed more than 2 hours waiting for a room.
they have system update that took time for checkout.",Negative,null,General,crowded,Negative,
43,"was very crowded, overly booked. the bathroom in the
reception is not clean , no cleaner . sometimes men go into women bathroom.
they are very strict in checkin time, we stayed more than 2 hours waiting for a room.
they have system update that took time for checkout.",Negative,bathroom,Amenities,not clean,Negative,
43,"was very crowded, overly booked. the bathroom in the
reception is not clean , no cleaner . sometimes men go into women bathroom.
they are very strict in checkin time, we stayed more than 2 hours waiting for a room.
they have system update that took time for checkout.",Negative,checkout,Front office,null,Negative,
43,"was very crowded, overly booked. the bathroom in the
reception is not clean , no cleaner . sometimes men go into women bathroom.
they are very strict in checkin time, we stayed more than 2 hours waiting for a room.
they have system update that took time for checkout.",Negative,checkin,Front office,strict,Negative,
44,Hotel facilities and location were outstanding and the staff were very friendly and accommodating . Room and bathroom were well decorated and with all the required amenities .,Positive,staff,Human Resources,friendly and accommodating,Positive,
44,Hotel facilities and location were outstanding and the staff were very friendly and accommodating . Room and bathroom were well decorated and with all the required amenities .,Positive,amenities,Amenities,null,Positive,
44,Hotel facilities and location were outstanding and the staff were very friendly and accommodating . Room and bathroom were well decorated and with all the required amenities .,Positive,facilities,Amenities,outstanding,Positive,
44,Hotel facilities and location were outstanding and the staff were very friendly and accommodating . Room and bathroom were well decorated and with all the required amenities .,Positive,location,Location,outstanding,Positive,
44,Hotel facilities and location were outstanding and the staff were very friendly and accommodating . Room and bathroom were well decorated and with all the required amenities .,Positive,room,Room,well decorated,Positive,
44,Hotel facilities and location were outstanding and the staff were very friendly and accommodating . Room and bathroom were well decorated and with all the required amenities .,Positive,bathroom,Amenities,well decorated,Positive,
45,"Cleanliness of the rooms, especially bathroom, is very poor. Room service, if they come, is not doing much cleaning even if you point to them what to do. So far worst experience in this hotel.",Negative,room service,Room services,null,Negative,
45,"Cleanliness of the rooms, especially bathroom, is very poor. Room service, if they come, is not doing much cleaning even if you point to them what to do. So far worst experience in this hotel.",Negative,bathroom,Amenities,very poor,Negative,
45,"Cleanliness of the rooms, especially bathroom, is very poor. Room service, if they come, is not doing much cleaning even if you point to them what to do. So far worst experience in this hotel.",Negative,room,Room,very poor,Negative,
46,"The hotel management and the staff is very helpful but the hotel needs a major revamp or renovation. although the location is near to Al Haram mosque just 5 mins walk but the hotel condition is extremely poor , the air conditioner does not cool the bathrooms were really dirty and the price is affordable but still high as compared to the condition of hotel",Neutral,bathroom,Amenities,dirty,Negative,
46,"The hotel management and the staff is very helpful but the hotel needs a major revamp or renovation. although the location is near to Al Haram mosque just 5 mins walk but the hotel condition is extremely poor , the air conditioner does not cool the bathrooms were really dirty and the price is affordable but still high as compared to the condition of hotel",Neutral,management,Human Resources,helpful,Positive,
46,"The hotel management and the staff is very helpful but the hotel needs a major revamp or renovation. although the location is near to Al Haram mosque just 5 mins walk but the hotel condition is extremely poor , the air conditioner does not cool the bathrooms were really dirty and the price is affordable but still high as compared to the condition of hotel",Neutral,staff,Human Resources,helpful,Positive,
46,"The hotel management and the staff is very helpful but the hotel needs a major revamp or renovation. although the location is near to Al Haram mosque just 5 mins walk but the hotel condition is extremely poor , the air conditioner does not cool the bathrooms were really dirty and the price is affordable but still high as compared to the condition of hotel",Neutral,location,Location,near,Positive,
46,"The hotel management and the staff is very helpful but the hotel needs a major revamp or renovation. although the location is near to Al Haram mosque just 5 mins walk but the hotel condition is extremely poor , the air conditioner does not cool the bathrooms were really dirty and the price is affordable but still high as compared to the condition of hotel",Neutral,hotel,General,needs a major revamp or renovation,Negative,
46,"The hotel management and the staff is very helpful but the hotel needs a major revamp or renovation. although the location is near to Al Haram mosque just 5 mins walk but the hotel condition is extremely poor , the air conditioner does not cool the bathrooms were really dirty and the price is affordable but still high as compared to the condition of hotel",Neutral,air conditioner,Amenities,null,Negative,
46,"The hotel management and the staff is very helpful but the hotel needs a major revamp or renovation. although the location is near to Al Haram mosque just 5 mins walk but the hotel condition is extremely poor , the air conditioner does not cool the bathrooms were really dirty and the price is affordable but still high as compared to the condition of hotel",Neutral,price,Value,null,Neutral,
46,"The hotel management and the staff is very helpful but the hotel needs a major revamp or renovation. although the location is near to Al Haram mosque just 5 mins walk but the hotel condition is extremely poor , the air conditioner does not cool the bathrooms were really dirty and the price is affordable but still high as compared to the condition of hotel",Neutral,hotel condition,General,poor,Negative,
47,i like the bed and the spacious room,Positive,bed,Amenities,like,Positive,
47,i like the bed and the spacious room,Positive,room,Room,spacious,Positive,
48,"Bed mattress can be better
Breakfast choices not enough",Negative,Breakfast,Food and beverage,null,Negative,
48,"Bed mattress can be better
Breakfast choices not enough",Negative,mattress,Amenities,null,Negative,
49,bed was comfy,Positive,bed,Amenities,comfy,Positive,
50,bed was comfortable,Positive,bed,Amenities,comfortable,Positive,
51,Breakfast not good,Negative,Breakfast,Food and beverage,not good,Negative,
52,"The facilities were nice i.e. nice/clean-looking room, well-sized bathroom with multiple showers, ample lifts with good control so no waiting times at the lifts. Nice purpose built car parking below. Shops and restaurants nearby, so some choices of food and inexpensive shopping within walking distance (however be careful in crossing the main road).",Positive,lifts,Amenities,ample,Positive,
52,"The facilities were nice i.e. nice/clean-looking room, well-sized bathroom with multiple showers, ample lifts with good control so no waiting times at the lifts. Nice purpose built car parking below. Shops and restaurants nearby, so some choices of food and inexpensive shopping within walking distance (however be careful in crossing the main road).",Positive,showers,Amenities,multiple,Positive,
52,"The facilities were nice i.e. nice/clean-looking room, well-sized bathroom with multiple showers, ample lifts with good control so no waiting times at the lifts. Nice purpose built car parking below. Shops and restaurants nearby, so some choices of food and inexpensive shopping within walking distance (however be careful in crossing the main road).",Positive,facilities,Amenities,nice,Positive,
52,"The facilities were nice i.e. nice/clean-looking room, well-sized bathroom with multiple showers, ample lifts with good control so no waiting times at the lifts. Nice purpose built car parking below. Shops and restaurants nearby, so some choices of food and inexpensive shopping within walking distance (however be careful in crossing the main road).",Positive,parking,Amenities,Nice,Positive,
52,"The facilities were nice i.e. nice/clean-looking room, well-sized bathroom with multiple showers, ample lifts with good control so no waiting times at the lifts. Nice purpose built car parking below. Shops and restaurants nearby, so some choices of food and inexpensive shopping within walking distance (however be careful in crossing the main road).",Positive,room,Room,nice/clean-looking,Positive,
52,"The facilities were nice i.e. nice/clean-looking room, well-sized bathroom with multiple showers, ample lifts with good control so no waiting times at the lifts. Nice purpose built car parking below. Shops and restaurants nearby, so some choices of food and inexpensive shopping within walking distance (however be careful in crossing the main road).",Positive,null,Location,null,Positive,
52,"The facilities were nice i.e. nice/clean-looking room, well-sized bathroom with multiple showers, ample lifts with good control so no waiting times at the lifts. Nice purpose built car parking below. Shops and restaurants nearby, so some choices of food and inexpensive shopping within walking distance (however be careful in crossing the main road).",Positive,null,Location,null,Positive,
52,"The facilities were nice i.e. nice/clean-looking room, well-sized bathroom with multiple showers, ample lifts with good control so no waiting times at the lifts. Nice purpose built car parking below. Shops and restaurants nearby, so some choices of food and inexpensive shopping within walking distance (however be careful in crossing the main road).",Positive,bathroom,Amenities,well-sized,Positive,
53,"Outdated and poorely maintained, odor in the bathroom and rooms, long waiting times for the lift, no flexibility on late check-out.",Negative,check-out,Front office,null,Negative,
53,"Outdated and poorely maintained, odor in the bathroom and rooms, long waiting times for the lift, no flexibility on late check-out.",Negative,lift,Amenities,null,Negative,
53,"Outdated and poorely maintained, odor in the bathroom and rooms, long waiting times for the lift, no flexibility on late check-out.",Negative,bathroom,Amenities,odor,Negative,
53,"Outdated and poorely maintained, odor in the bathroom and rooms, long waiting times for the lift, no flexibility on late check-out.",Negative,rooms,Room,odor,Negative,
53,"Outdated and poorely maintained, odor in the bathroom and rooms, long waiting times for the lift, no flexibility on late check-out.",Negative,null,General,Outdated,Negative,
53,"Outdated and poorely maintained, odor in the bathroom and rooms, long waiting times for the lift, no flexibility on late check-out.",Negative,null,General,poorely maintained,Negative,
54,"Reception staff couldn’t speak English at all
Rooms are not up to the new standards for example an electric socket isn’t placed next to the bed. 
Bathrooms are very old fashioned with no up class facilities. 
WiFi is not compatible. 
Overly priced and staff wasn’t friendly. 
Overall, I will not recommend this hotel. Location was the only reason I decided to book but not a right choice I made !",Negative,null,Value,null,Negative,
54,"Reception staff couldn’t speak English at all
Rooms are not up to the new standards for example an electric socket isn’t placed next to the bed. 
Bathrooms are very old fashioned with no up class facilities. 
WiFi is not compatible. 
Overly priced and staff wasn’t friendly. 
Overall, I will not recommend this hotel. Location was the only reason I decided to book but not a right choice I made !",Negative,electric socket,Amenities,null,Negative,
54,"Reception staff couldn’t speak English at all
Rooms are not up to the new standards for example an electric socket isn’t placed next to the bed. 
Bathrooms are very old fashioned with no up class facilities. 
WiFi is not compatible. 
Overly priced and staff wasn’t friendly. 
Overall, I will not recommend this hotel. Location was the only reason I decided to book but not a right choice I made !",Negative,facilities,Amenities,null,Negative,
54,"Reception staff couldn’t speak English at all
Rooms are not up to the new standards for example an electric socket isn’t placed next to the bed. 
Bathrooms are very old fashioned with no up class facilities. 
WiFi is not compatible. 
Overly priced and staff wasn’t friendly. 
Overall, I will not recommend this hotel. Location was the only reason I decided to book but not a right choice I made !",Negative,Location,Location,null,Positive,
54,"Reception staff couldn’t speak English at all
Rooms are not up to the new standards for example an electric socket isn’t placed next to the bed. 
Bathrooms are very old fashioned with no up class facilities. 
WiFi is not compatible. 
Overly priced and staff wasn’t friendly. 
Overall, I will not recommend this hotel. Location was the only reason I decided to book but not a right choice I made !",Negative,WiFi,Amenities,null,Negative,
54,"Reception staff couldn’t speak English at all
Rooms are not up to the new standards for example an electric socket isn’t placed next to the bed. 
Bathrooms are very old fashioned with no up class facilities. 
WiFi is not compatible. 
Overly priced and staff wasn’t friendly. 
Overall, I will not recommend this hotel. Location was the only reason I decided to book but not a right choice I made !",Negative,Rooms,Room,null,Negative,
54,"Reception staff couldn’t speak English at all
Rooms are not up to the new standards for example an electric socket isn’t placed next to the bed. 
Bathrooms are very old fashioned with no up class facilities. 
WiFi is not compatible. 
Overly priced and staff wasn’t friendly. 
Overall, I will not recommend this hotel. Location was the only reason I decided to book but not a right choice I made !",Negative,Reception,Front office,null,Negative,
54,"Reception staff couldn’t speak English at all
Rooms are not up to the new standards for example an electric socket isn’t placed next to the bed. 
Bathrooms are very old fashioned with no up class facilities. 
WiFi is not compatible. 
Overly priced and staff wasn’t friendly. 
Overall, I will not recommend this hotel. Location was the only reason I decided to book but not a right choice I made !",Negative,Bathrooms,Amenities,old,Negative,
55,"Breakfast was not up to the expectation especially for kids. No cornflakes, biscuits, cakes or croissants. My stay @ 414, slope in the bathroom not aligned. Water all around the bathroom.",Negative,bathroom,Amenities,null,Negative,
55,"Breakfast was not up to the expectation especially for kids. No cornflakes, biscuits, cakes or croissants. My stay @ 414, slope in the bathroom not aligned. Water all around the bathroom.",Negative,Breakfast,Food and beverage,null,Negative,
56,"Bathrooms are the worst I ever seen, no separation between toilet and shower, that means when you take a shower all is full of water, also kitchen and bathrooms are old and worn",Negative,bathrooms,Amenities,old and worn,Negative,
56,"Bathrooms are the worst I ever seen, no separation between toilet and shower, that means when you take a shower all is full of water, also kitchen and bathrooms are old and worn",Negative,kitchen,Amenities,old and worn,Negative,
56,"Bathrooms are the worst I ever seen, no separation between toilet and shower, that means when you take a shower all is full of water, also kitchen and bathrooms are old and worn",Negative,Bathrooms,Amenities,null,Negative,
56,"Bathrooms are the worst I ever seen, no separation between toilet and shower, that means when you take a shower all is full of water, also kitchen and bathrooms are old and worn",Negative,Bathrooms,Amenities,worst,Negative,
57,Breakfast good.Nice location very near Gate No.26. Excellent staff.Room very clean and nice.Bathroom very good.,Positive,Room,Room,clean and nice,Positive,
57,Breakfast good.Nice location very near Gate No.26. Excellent staff.Room very clean and nice.Bathroom very good.,Positive,staff,Human Resources,Excellent,Positive,
57,Breakfast good.Nice location very near Gate No.26. Excellent staff.Room very clean and nice.Bathroom very good.,Positive,Bathroom,Amenities,good,Positive,
57,Breakfast good.Nice location very near Gate No.26. Excellent staff.Room very clean and nice.Bathroom very good.,Positive,Breakfast,Food and beverage,good,Positive,
57,Breakfast good.Nice location very near Gate No.26. Excellent staff.Room very clean and nice.Bathroom very good.,Positive,location,Location,Nice,Positive,
58,"the amenities and towels in the room were not replenished on a daily basis 
the bathroom is not well designed and 'floods' with each shower.",Positive,bathroom,Amenities,floods,Negative,
58,"the amenities and towels in the room were not replenished on a daily basis 
the bathroom is not well designed and 'floods' with each shower.",Positive,amenities,Amenities,not replenished,Negative,
58,"the amenities and towels in the room were not replenished on a daily basis 
the bathroom is not well designed and 'floods' with each shower.",Positive,towels,Amenities,not replenished,Negative,
59,"Size of apartment , size enough for big family , big size of beds , clean , furniture like new, location is near yo Qaba mosuque , view is very nice for qaba mosque, 3 bathrooms on three bedroom apartment ,car parking is easy",Positive,beds,Amenities,big,Positive,
59,"Size of apartment , size enough for big family , big size of beds , clean , furniture like new, location is near yo Qaba mosuque , view is very nice for qaba mosque, 3 bathrooms on three bedroom apartment ,car parking is easy",Positive,null,Room,clean,Positive,
59,"Size of apartment , size enough for big family , big size of beds , clean , furniture like new, location is near yo Qaba mosuque , view is very nice for qaba mosque, 3 bathrooms on three bedroom apartment ,car parking is easy",Positive,parking,Amenities,easy,Positive,
59,"Size of apartment , size enough for big family , big size of beds , clean , furniture like new, location is near yo Qaba mosuque , view is very nice for qaba mosque, 3 bathrooms on three bedroom apartment ,car parking is easy",Positive,view,General,nice,Positive,
59,"Size of apartment , size enough for big family , big size of beds , clean , furniture like new, location is near yo Qaba mosuque , view is very nice for qaba mosque, 3 bathrooms on three bedroom apartment ,car parking is easy",Positive,apartment,Room,null,Positive,
59,"Size of apartment , size enough for big family , big size of beds , clean , furniture like new, location is near yo Qaba mosuque , view is very nice for qaba mosque, 3 bathrooms on three bedroom apartment ,car parking is easy",Positive,furniture,Amenities,null,Positive,
59,"Size of apartment , size enough for big family , big size of beds , clean , furniture like new, location is near yo Qaba mosuque , view is very nice for qaba mosque, 3 bathrooms on three bedroom apartment ,car parking is easy",Positive,location,Location,null,Positive,
59,"Size of apartment , size enough for big family , big size of beds , clean , furniture like new, location is near yo Qaba mosuque , view is very nice for qaba mosque, 3 bathrooms on three bedroom apartment ,car parking is easy",Positive,size,Room,null,Positive,
60,In Bathroom no tissue or no toilet paper,Negative,Bathroom,Amenities,null,Negative,
61,"It was not very clean, cleaning system was not functioning well, our carpet was very dirty, and the wardrobe was faulty. The toilet was not very clean and gave off odour and we were sent notice that water would be shut off during a period of our stay, even though we need to use the bathroom during this period.",Negative,null,Housekeeping,not functioning,Negative,
61,"It was not very clean, cleaning system was not functioning well, our carpet was very dirty, and the wardrobe was faulty. The toilet was not very clean and gave off odour and we were sent notice that water would be shut off during a period of our stay, even though we need to use the bathroom during this period.",Negative,carpet,Amenities,dirty,Negative,
61,"It was not very clean, cleaning system was not functioning well, our carpet was very dirty, and the wardrobe was faulty. The toilet was not very clean and gave off odour and we were sent notice that water would be shut off during a period of our stay, even though we need to use the bathroom during this period.",Negative,wardrobe,Amenities,faulty,Negative,
61,"It was not very clean, cleaning system was not functioning well, our carpet was very dirty, and the wardrobe was faulty. The toilet was not very clean and gave off odour and we were sent notice that water would be shut off during a period of our stay, even though we need to use the bathroom during this period.",Negative,null,Room,not very clean,Negative,
61,"It was not very clean, cleaning system was not functioning well, our carpet was very dirty, and the wardrobe was faulty. The toilet was not very clean and gave off odour and we were sent notice that water would be shut off during a period of our stay, even though we need to use the bathroom during this period.",Negative,toilet,Amenities,not very clean,Negative,
61,"It was not very clean, cleaning system was not functioning well, our carpet was very dirty, and the wardrobe was faulty. The toilet was not very clean and gave off odour and we were sent notice that water would be shut off during a period of our stay, even though we need to use the bathroom during this period.",Negative,water,Amenities,null,Negative,
62,"Everything is exceptional. The bedroom and pillows, the bathroom is tidy and clean. The staff are kind and helpful. From the evening shift receptionist to the bell boy staff. They are very helpful and polite. The breakfast buffet is amazing too. We liked how the egyptian staff did our scramble eggs. It was o tasty",Positive,bathroom,Amenities,tidy and clean,Positive,
62,"Everything is exceptional. The bedroom and pillows, the bathroom is tidy and clean. The staff are kind and helpful. From the evening shift receptionist to the bell boy staff. They are very helpful and polite. The breakfast buffet is amazing too. We liked how the egyptian staff did our scramble eggs. It was o tasty",Positive,breakfast,Food and beverage,amazing,Positive,
62,"Everything is exceptional. The bedroom and pillows, the bathroom is tidy and clean. The staff are kind and helpful. From the evening shift receptionist to the bell boy staff. They are very helpful and polite. The breakfast buffet is amazing too. We liked how the egyptian staff did our scramble eggs. It was o tasty",Positive,null,General,exceptional,Positive,
62,"Everything is exceptional. The bedroom and pillows, the bathroom is tidy and clean. The staff are kind and helpful. From the evening shift receptionist to the bell boy staff. They are very helpful and polite. The breakfast buffet is amazing too. We liked how the egyptian staff did our scramble eggs. It was o tasty",Positive,null,Human Resources,helpful and polite,Positive,
62,"Everything is exceptional. The bedroom and pillows, the bathroom is tidy and clean. The staff are kind and helpful. From the evening shift receptionist to the bell boy staff. They are very helpful and polite. The breakfast buffet is amazing too. We liked how the egyptian staff did our scramble eggs. It was o tasty",Positive,staff,Human Resources,kind and helpful,Positive,
62,"Everything is exceptional. The bedroom and pillows, the bathroom is tidy and clean. The staff are kind and helpful. From the evening shift receptionist to the bell boy staff. They are very helpful and polite. The breakfast buffet is amazing too. We liked how the egyptian staff did our scramble eggs. It was o tasty",Positive,pillows,Amenities,null,Positive,
62,"Everything is exceptional. The bedroom and pillows, the bathroom is tidy and clean. The staff are kind and helpful. From the evening shift receptionist to the bell boy staff. They are very helpful and polite. The breakfast buffet is amazing too. We liked how the egyptian staff did our scramble eggs. It was o tasty",Positive,bedroom,Room,null,Positive,
62,"Everything is exceptional. The bedroom and pillows, the bathroom is tidy and clean. The staff are kind and helpful. From the evening shift receptionist to the bell boy staff. They are very helpful and polite. The breakfast buffet is amazing too. We liked how the egyptian staff did our scramble eggs. It was o tasty",Positive,scramble eggs,Food and beverage,tasty,Positive,
63,"The room smells like cigarettes (shall have smoking or non-smoking rooms). 
Bathroom is really bad (broken shower, bathroom bugs ""flies"" )
Air-condition leaks water in the bed room.",Negative,Bathroom,Amenities,bad,Negative,
63,"The room smells like cigarettes (shall have smoking or non-smoking rooms). 
Bathroom is really bad (broken shower, bathroom bugs ""flies"" )
Air-condition leaks water in the bed room.",Negative,shower,Amenities,broken,Negative,
63,"The room smells like cigarettes (shall have smoking or non-smoking rooms). 
Bathroom is really bad (broken shower, bathroom bugs ""flies"" )
Air-condition leaks water in the bed room.",Negative,Air-condition,Engineering,leaks,Negative,
63,"The room smells like cigarettes (shall have smoking or non-smoking rooms). 
Bathroom is really bad (broken shower, bathroom bugs ""flies"" )
Air-condition leaks water in the bed room.",Negative,bugs,General,null,Negative,
63,"The room smells like cigarettes (shall have smoking or non-smoking rooms). 
Bathroom is really bad (broken shower, bathroom bugs ""flies"" )
Air-condition leaks water in the bed room.",Negative,room,Room,smells,Negative,
64,Very friendly staff; made us feel at home. Excellent lunch buffet. Very helpful chauffeurs for quick airport transfer.,Positive,lunch,Food and beverage,Excellent,Positive,
64,Very friendly staff; made us feel at home. Excellent lunch buffet. Very helpful chauffeurs for quick airport transfer.,Positive,staff,Human Resources,friendly,Positive,
64,Very friendly staff; made us feel at home. Excellent lunch buffet. Very helpful chauffeurs for quick airport transfer.,Positive,chauffeurs,Human Resources,helpful,Positive,
65,"Shattaf was leaking.
Reception staff does not understand English 
For extra bed they give mattress which is not good at all",Negative,null,Amenities,leaking,Negative,
65,"Shattaf was leaking.
Reception staff does not understand English 
For extra bed they give mattress which is not good at all",Negative,null,Housekeeping,not good,Negative,
65,"Shattaf was leaking.
Reception staff does not understand English 
For extra bed they give mattress which is not good at all",Negative,staff,Human Resources,null,Negative,
66,"A 2-bed room apartment is good at this price in Jeddah. It is very close to petrol pump, grocery store, restaurant, pharmacy etc.",Positive,null,Location,close to,Positive,
66,"A 2-bed room apartment is good at this price in Jeddah. It is very close to petrol pump, grocery store, restaurant, pharmacy etc.",Positive,apartment,Room,good,Positive,
66,"A 2-bed room apartment is good at this price in Jeddah. It is very close to petrol pump, grocery store, restaurant, pharmacy etc.",Positive,price,Value,null,Positive,
67,"-Location is amazing, minutes away from gate 25 (ladies gate)
-Breakfast is very extensive and the taste is also good.
-Staff was extremely kind and received us in the best way
-It shows that the hotel is trying to keep you happy during your stay.",Positive,Breakfast,Food and beverage,extensive,Positive,
67,"-Location is amazing, minutes away from gate 25 (ladies gate)
-Breakfast is very extensive and the taste is also good.
-Staff was extremely kind and received us in the best way
-It shows that the hotel is trying to keep you happy during your stay.",Positive,taste,Food and beverage,good,Positive,
67,"-Location is amazing, minutes away from gate 25 (ladies gate)
-Breakfast is very extensive and the taste is also good.
-Staff was extremely kind and received us in the best way
-It shows that the hotel is trying to keep you happy during your stay.",Positive,staff,Human Resources,kind,Positive,
67,"-Location is amazing, minutes away from gate 25 (ladies gate)
-Breakfast is very extensive and the taste is also good.
-Staff was extremely kind and received us in the best way
-It shows that the hotel is trying to keep you happy during your stay.",Positive,hotel,General,null,Positive,
67,"-Location is amazing, minutes away from gate 25 (ladies gate)
-Breakfast is very extensive and the taste is also good.
-Staff was extremely kind and received us in the best way
-It shows that the hotel is trying to keep you happy during your stay.",Positive,Location,Location,null,Positive,
68,"-Rooms are small
-Not suitable for large family
-Limited number of lifts. Only two with one service lift will be working occasionally.
- They don't clean rooms and change covers properly.
- rooms has a sort of bad smell. The corridor smells better.
-Breakfast is very limited and basic.. don't add it",Negative,room,Room,bad smell,Negative,
68,"-Rooms are small
-Not suitable for large family
-Limited number of lifts. Only two with one service lift will be working occasionally.
- They don't clean rooms and change covers properly.
- rooms has a sort of bad smell. The corridor smells better.
-Breakfast is very limited and basic.. don't add it",Negative,breakfast,Food and beverage,limited and basic,Negative,
68,"-Rooms are small
-Not suitable for large family
-Limited number of lifts. Only two with one service lift will be working occasionally.
- They don't clean rooms and change covers properly.
- rooms has a sort of bad smell. The corridor smells better.
-Breakfast is very limited and basic.. don't add it",Negative,room,Room,small,Negative,
68,"-Rooms are small
-Not suitable for large family
-Limited number of lifts. Only two with one service lift will be working occasionally.
- They don't clean rooms and change covers properly.
- rooms has a sort of bad smell. The corridor smells better.
-Breakfast is very limited and basic.. don't add it",Negative,lifts,Amenities,null,Negative,
68,"-Rooms are small
-Not suitable for large family
-Limited number of lifts. Only two with one service lift will be working occasionally.
- They don't clean rooms and change covers properly.
- rooms has a sort of bad smell. The corridor smells better.
-Breakfast is very limited and basic.. don't add it",Negative,smell,Housekeeping,null,Negative,
69,"“I ordered food for lunch , it was not up to my expectations tasteless , the cutlery and the glass were smelly , this mor”",Negative,cutlery,Amenities,smelly,Negative,
69,"“I ordered food for lunch , it was not up to my expectations tasteless , the cutlery and the glass were smelly , this mor”",Negative,glass,Amenities,null,Negative,
69,"“I ordered food for lunch , it was not up to my expectations tasteless , the cutlery and the glass were smelly , this mor”",Negative,lunch,Food and beverage,null,Negative,
70,"“It was a very good experience, the location is ok, the hotel is clean, and the staff is professional especially the rece”",Positive,staff,Human Resources,professional,Positive,
70,"“It was a very good experience, the location is ok, the hotel is clean, and the staff is professional especially the rece”",Positive,experience,General,null,Positive,
70,"“It was a very good experience, the location is ok, the hotel is clean, and the staff is professional especially the rece”",Positive,hotel,General,null,Positive,
70,"“It was a very good experience, the location is ok, the hotel is clean, and the staff is professional especially the rece”",Positive,location,Location,null,Positive,
71,"“Good stay with no view from room window, but good dinner and clean room”",Neutral,dinner,Food and beverage,good,Positive,
71,"“Good stay with no view from room window, but good dinner and clean room”",Neutral,room,Room,no view,Negative,
72,"-only 1 staf at front desk
-only shampoo at the bath room
-no coffee,sugar or creamer only tea prepare at the room
-pay for haram view but you cant see the haram view...
-pay for breakfast but the food is 👎",Negative,view,General,cant see,Negative,
72,"-only 1 staf at front desk
-only shampoo at the bath room
-no coffee,sugar or creamer only tea prepare at the room
-pay for haram view but you cant see the haram view...
-pay for breakfast but the food is 👎",Negative,coffee,Amenities,null,Negative,
72,"-only 1 staf at front desk
-only shampoo at the bath room
-no coffee,sugar or creamer only tea prepare at the room
-pay for haram view but you cant see the haram view...
-pay for breakfast but the food is 👎",Negative,food,Food and beverage,null,Negative,
72,"-only 1 staf at front desk
-only shampoo at the bath room
-no coffee,sugar or creamer only tea prepare at the room
-pay for haram view but you cant see the haram view...
-pay for breakfast but the food is 👎",Negative,front desk,Front office,null,Negative,
72,"-only 1 staf at front desk
-only shampoo at the bath room
-no coffee,sugar or creamer only tea prepare at the room
-pay for haram view but you cant see the haram view...
-pay for breakfast but the food is 👎",Negative,null,Amenities,null,Negative,
73,"Horrible no help given no room service no towels no toilet paper lied to through out 
Bed bugs plz look at my neck pic I’ve attached also flies pics also added fridge broken pics added",Negative,fridge,Amenities,broken,Negative,
232,"- one of the staff in reception gave me a different room from my which does not have a Kaaba view. So I have changed it.
- The fridge in my room is broken.
- Number of elevators are not enough. Only 4 elevators and two of them are broken. So, we have to wait very long every time.
- Long queue during check in.
- The room need to be cleaned and the carpet should be changed.
- The staff in the royal service gave always different answers.",Negative,room,Room,need to be cleaned,Negative,
73,"Horrible no help given no room service no towels no toilet paper lied to through out 
Bed bugs plz look at my neck pic I’ve attached also flies pics also added fridge broken pics added",Negative,flies,General,null,Negative,
73,"Horrible no help given no room service no towels no toilet paper lied to through out 
Bed bugs plz look at my neck pic I’ve attached also flies pics also added fridge broken pics added",Negative,null,General,null,Negative,
73,"Horrible no help given no room service no towels no toilet paper lied to through out 
Bed bugs plz look at my neck pic I’ve attached also flies pics also added fridge broken pics added",Negative,null,Amenities,null,Negative,
73,"Horrible no help given no room service no towels no toilet paper lied to through out 
Bed bugs plz look at my neck pic I’ve attached also flies pics also added fridge broken pics added",Negative,null,Amenities,null,Negative,
73,"Horrible no help given no room service no towels no toilet paper lied to through out 
Bed bugs plz look at my neck pic I’ve attached also flies pics also added fridge broken pics added",Negative,room service,Room services,null,Negative,
232,"- one of the staff in reception gave me a different room from my which does not have a Kaaba view. So I have changed it.
- The fridge in my room is broken.
- Number of elevators are not enough. Only 4 elevators and two of them are broken. So, we have to wait very long every time.
- Long queue during check in.
- The room need to be cleaned and the carpet should be changed.
- The staff in the royal service gave always different answers.",Negative,carpet,Amenities,null,Negative,
73,"Horrible no help given no room service no towels no toilet paper lied to through out 
Bed bugs plz look at my neck pic I’ve attached also flies pics also added fridge broken pics added",Negative,bugs,General,null,Negative,
232,"- one of the staff in reception gave me a different room from my which does not have a Kaaba view. So I have changed it.
- The fridge in my room is broken.
- Number of elevators are not enough. Only 4 elevators and two of them are broken. So, we have to wait very long every time.
- Long queue during check in.
- The room need to be cleaned and the carpet should be changed.
- The staff in the royal service gave always different answers.",Negative,check in,Front office,null,Negative,
232,"- one of the staff in reception gave me a different room from my which does not have a Kaaba view. So I have changed it.
- The fridge in my room is broken.
- Number of elevators are not enough. Only 4 elevators and two of them are broken. So, we have to wait very long every time.
- Long queue during check in.
- The room need to be cleaned and the carpet should be changed.
- The staff in the royal service gave always different answers.",Negative,elevators,Amenities,null,Negative,
232,"- one of the staff in reception gave me a different room from my which does not have a Kaaba view. So I have changed it.
- The fridge in my room is broken.
- Number of elevators are not enough. Only 4 elevators and two of them are broken. So, we have to wait very long every time.
- Long queue during check in.
- The room need to be cleaned and the carpet should be changed.
- The staff in the royal service gave always different answers.",Negative,staff,Human Resources,null,Negative,
232,"- one of the staff in reception gave me a different room from my which does not have a Kaaba view. So I have changed it.
- The fridge in my room is broken.
- Number of elevators are not enough. Only 4 elevators and two of them are broken. So, we have to wait very long every time.
- Long queue during check in.
- The room need to be cleaned and the carpet should be changed.
- The staff in the royal service gave always different answers.",Negative,fridge,Amenities,null,Negative,
73,"Horrible no help given no room service no towels no toilet paper lied to through out 
Bed bugs plz look at my neck pic I’ve attached also flies pics also added fridge broken pics added",Negative,null,General,null,Negative,
232,"- one of the staff in reception gave me a different room from my which does not have a Kaaba view. So I have changed it.
- The fridge in my room is broken.
- Number of elevators are not enough. Only 4 elevators and two of them are broken. So, we have to wait very long every time.
- Long queue during check in.
- The room need to be cleaned and the carpet should be changed.
- The staff in the royal service gave always different answers.",Negative,reception,Human Resources,null,Negative,
74,Only single bathroom inside two bed room apartment. Its like newly constructed neighborhood so less desi food available. The kitchen was just formality and no much accessories were there. Staff specially in the night was not willing to speak English and less friendly.,Negative,neighborhood,Lounge,newly constructed,Positive,
74,Only single bathroom inside two bed room apartment. Its like newly constructed neighborhood so less desi food available. The kitchen was just formality and no much accessories were there. Staff specially in the night was not willing to speak English and less friendly.,Negative,staff,Human Resources,less friendly,Negative,
74,Only single bathroom inside two bed room apartment. Its like newly constructed neighborhood so less desi food available. The kitchen was just formality and no much accessories were there. Staff specially in the night was not willing to speak English and less friendly.,Negative,kitchen,Amenities,null,Negative,
74,Only single bathroom inside two bed room apartment. Its like newly constructed neighborhood so less desi food available. The kitchen was just formality and no much accessories were there. Staff specially in the night was not willing to speak English and less friendly.,Negative,bathroom,Amenities,Only single,Negative,
75,excellent service and humble staff also cleanliness is on point,Positive,service,Human Resources,excellent,Positive,
75,excellent service and humble staff also cleanliness is on point,Positive,staff,Human Resources,humble,Positive,
75,excellent service and humble staff also cleanliness is on point,Positive,cleanliness,Housekeeping,on point,Positive,
76,"Room service is slow and poor
Cleanliness level is low",Negative,Room service,Room services,slow and poor,Negative,
76,"Room service is slow and poor
Cleanliness level is low",Negative,Cleanliness,Housekeeping,low,Negative,
77,"We stayed in this hotel for 3night.
1.Location-Very strategic location only few minutes Walking distance to women praying area
2.Food-The breakfast was really nice, variety food and beverages
3.Cleanliness-The room was clean and the housekeeping staff is very good. I dont remember his name, very helpful. The bed is comfortable and big it think it was super single bed. 
4.Service-The check in procedure was smooth and easy, the staff even call us asking whether the room is okay for us, she showed us few option for us to upgrade room.",Positive,check in,Front office,smooth and easy,Positive,
77,"We stayed in this hotel for 3night.
1.Location-Very strategic location only few minutes Walking distance to women praying area
2.Food-The breakfast was really nice, variety food and beverages
3.Cleanliness-The room was clean and the housekeeping staff is very good. I dont remember his name, very helpful. The bed is comfortable and big it think it was super single bed. 
4.Service-The check in procedure was smooth and easy, the staff even call us asking whether the room is okay for us, she showed us few option for us to upgrade room.",Positive,room,Room,clean,Positive,
77,"We stayed in this hotel for 3night.
1.Location-Very strategic location only few minutes Walking distance to women praying area
2.Food-The breakfast was really nice, variety food and beverages
3.Cleanliness-The room was clean and the housekeeping staff is very good. I dont remember his name, very helpful. The bed is comfortable and big it think it was super single bed. 
4.Service-The check in procedure was smooth and easy, the staff even call us asking whether the room is okay for us, she showed us few option for us to upgrade room.",Positive,bed,Amenities,comfortable,Positive,
77,"We stayed in this hotel for 3night.
1.Location-Very strategic location only few minutes Walking distance to women praying area
2.Food-The breakfast was really nice, variety food and beverages
3.Cleanliness-The room was clean and the housekeeping staff is very good. I dont remember his name, very helpful. The bed is comfortable and big it think it was super single bed. 
4.Service-The check in procedure was smooth and easy, the staff even call us asking whether the room is okay for us, she showed us few option for us to upgrade room.",Positive,housekeeping staff,Human Resources,good,Positive,
77,"We stayed in this hotel for 3night.
1.Location-Very strategic location only few minutes Walking distance to women praying area
2.Food-The breakfast was really nice, variety food and beverages
3.Cleanliness-The room was clean and the housekeeping staff is very good. I dont remember his name, very helpful. The bed is comfortable and big it think it was super single bed. 
4.Service-The check in procedure was smooth and easy, the staff even call us asking whether the room is okay for us, she showed us few option for us to upgrade room.",Positive,breakfast,Food and beverage,nice,Positive,
77,"We stayed in this hotel for 3night.
1.Location-Very strategic location only few minutes Walking distance to women praying area
2.Food-The breakfast was really nice, variety food and beverages
3.Cleanliness-The room was clean and the housekeeping staff is very good. I dont remember his name, very helpful. The bed is comfortable and big it think it was super single bed. 
4.Service-The check in procedure was smooth and easy, the staff even call us asking whether the room is okay for us, she showed us few option for us to upgrade room.",Positive,staff,Human Resources,null,Positive,
77,"We stayed in this hotel for 3night.
1.Location-Very strategic location only few minutes Walking distance to women praying area
2.Food-The breakfast was really nice, variety food and beverages
3.Cleanliness-The room was clean and the housekeeping staff is very good. I dont remember his name, very helpful. The bed is comfortable and big it think it was super single bed. 
4.Service-The check in procedure was smooth and easy, the staff even call us asking whether the room is okay for us, she showed us few option for us to upgrade room.",Positive,Location,Location,strategic,Positive,
77,"We stayed in this hotel for 3night.
1.Location-Very strategic location only few minutes Walking distance to women praying area
2.Food-The breakfast was really nice, variety food and beverages
3.Cleanliness-The room was clean and the housekeeping staff is very good. I dont remember his name, very helpful. The bed is comfortable and big it think it was super single bed. 
4.Service-The check in procedure was smooth and easy, the staff even call us asking whether the room is okay for us, she showed us few option for us to upgrade room.",Positive,beverages,Food and beverage,variety,Positive,
77,"We stayed in this hotel for 3night.
1.Location-Very strategic location only few minutes Walking distance to women praying area
2.Food-The breakfast was really nice, variety food and beverages
3.Cleanliness-The room was clean and the housekeeping staff is very good. I dont remember his name, very helpful. The bed is comfortable and big it think it was super single bed. 
4.Service-The check in procedure was smooth and easy, the staff even call us asking whether the room is okay for us, she showed us few option for us to upgrade room.",Positive,food,Food and beverage,variety,Positive,
78,"poor A/C, overpriced through booking.com, cheaper if you book through them directly.
small room, small path room, beds not comfortable thin bed mattress on top of big mattress, keeps slipping. didn't like the hotel room design.",Negative,design,General,didn't like,Negative,
78,"poor A/C, overpriced through booking.com, cheaper if you book through them directly.
small room, small path room, beds not comfortable thin bed mattress on top of big mattress, keeps slipping. didn't like the hotel room design.",Negative,beds,Furniture,not comfortable,Negative,
78,"poor A/C, overpriced through booking.com, cheaper if you book through them directly.
small room, small path room, beds not comfortable thin bed mattress on top of big mattress, keeps slipping. didn't like the hotel room design.",Negative,cheaper,Value,null,Negative,
78,"poor A/C, overpriced through booking.com, cheaper if you book through them directly.
small room, small path room, beds not comfortable thin bed mattress on top of big mattress, keeps slipping. didn't like the hotel room design.",Negative,A/C,Engineering,poor,Negative,
78,"poor A/C, overpriced through booking.com, cheaper if you book through them directly.
small room, small path room, beds not comfortable thin bed mattress on top of big mattress, keeps slipping. didn't like the hotel room design.",Negative,mattress,Furniture,slipping,Negative,
78,"poor A/C, overpriced through booking.com, cheaper if you book through them directly.
small room, small path room, beds not comfortable thin bed mattress on top of big mattress, keeps slipping. didn't like the hotel room design.",Negative,path room,Amenities,small,Negative,
78,"poor A/C, overpriced through booking.com, cheaper if you book through them directly.
small room, small path room, beds not comfortable thin bed mattress on top of big mattress, keeps slipping. didn't like the hotel room design.",Negative,room,Room,small,Negative,
78,"poor A/C, overpriced through booking.com, cheaper if you book through them directly.
small room, small path room, beds not comfortable thin bed mattress on top of big mattress, keeps slipping. didn't like the hotel room design.",Negative,overpriced,Value,null,Negative,
79,The staff inside the hotel was nice. The room and bed comfort was great.,Positive,bed,Furniture,great,Positive,
79,The staff inside the hotel was nice. The room and bed comfort was great.,Positive,room,Room,great,Positive,
79,The staff inside the hotel was nice. The room and bed comfort was great.,Positive,staff,Human Resources,nice,Positive,
80,"Women with burkini are not allowed to swim in the pool 
Rooms are small and bed isnot queen bed at all",Negative,bed,Furniture,isnot queen bed at all,Negative,
80,"Women with burkini are not allowed to swim in the pool 
Rooms are small and bed isnot queen bed at all",Negative,Women,Amenities,null,Negative,
80,"Women with burkini are not allowed to swim in the pool 
Rooms are small and bed isnot queen bed at all",Negative,Rooms,Room,small,Negative,
81,“poor staff. don’t know English. only the location is good. no one picks up the call. no one answers on Booking.com prope”,Negative,location,Location,good,Positive,
81,“poor staff. don’t know English. only the location is good. no one picks up the call. no one answers on Booking.com prope”,Negative,null,Human Resources,null,Negative,
81,“poor staff. don’t know English. only the location is good. no one picks up the call. no one answers on Booking.com prope”,Negative,null,Human Resources,null,Negative,
81,“poor staff. don’t know English. only the location is good. no one picks up the call. no one answers on Booking.com prope”,Negative,staff,Human Resources,poor,Negative,
82,"The staff hospitality, the cleanness of the rooms, the comfort of the room and their breakfast 👍.
Also the location of the hotel is great close to anywhere u want to go.",Positive,location,Location,great,Positive,
82,"The staff hospitality, the cleanness of the rooms, the comfort of the room and their breakfast 👍.
Also the location of the hotel is great close to anywhere u want to go.",Positive,breakfast,Food and beverage,null,Positive,
82,"The staff hospitality, the cleanness of the rooms, the comfort of the room and their breakfast 👍.
Also the location of the hotel is great close to anywhere u want to go.",Positive,comfort of the room,Room,null,Positive,
82,"The staff hospitality, the cleanness of the rooms, the comfort of the room and their breakfast 👍.
Also the location of the hotel is great close to anywhere u want to go.",Positive,cleanness of the rooms,Room,null,Positive,
82,"The staff hospitality, the cleanness of the rooms, the comfort of the room and their breakfast 👍.
Also the location of the hotel is great close to anywhere u want to go.",Positive,staff hospitality,Human Resources,null,Positive,
83,"the room was dirty. the room smelled like there is a plumbing problem in the building. the free breakfast was absolutely disgusting, and the bed was has hard as concrete",Negative,room,Room,dirty,Negative,
83,"the room was dirty. the room smelled like there is a plumbing problem in the building. the free breakfast was absolutely disgusting, and the bed was has hard as concrete",Negative,breakfast,Food and beverage,disgusting,Negative,
83,"the room was dirty. the room smelled like there is a plumbing problem in the building. the free breakfast was absolutely disgusting, and the bed was has hard as concrete",Negative,bed,Furniture,hard,Negative,
83,"the room was dirty. the room smelled like there is a plumbing problem in the building. the free breakfast was absolutely disgusting, and the bed was has hard as concrete",Negative,room,Room,smelled,Negative,
84,"Rooms were not ready, had to wait for almost an hour to physically check-in the rooms. 
No complimentary drinking water
Broken cupboard, i fixed 2 shelves myself to make use of them
No place to plug in the available water heater
Wifi not working
Breakfast is having very minimal offerings 
Stained sofas
TV remote control missing",Negative,cupboard,Engineering,Broken,Negative,
84,"Rooms were not ready, had to wait for almost an hour to physically check-in the rooms. 
No complimentary drinking water
Broken cupboard, i fixed 2 shelves myself to make use of them
No place to plug in the available water heater
Wifi not working
Breakfast is having very minimal offerings 
Stained sofas
TV remote control missing",Negative,TV remote control,Amenities,missing,Negative,
84,"Rooms were not ready, had to wait for almost an hour to physically check-in the rooms. 
No complimentary drinking water
Broken cupboard, i fixed 2 shelves myself to make use of them
No place to plug in the available water heater
Wifi not working
Breakfast is having very minimal offerings 
Stained sofas
TV remote control missing",Negative,Breakfast,Food and beverage,null,Negative,
84,"Rooms were not ready, had to wait for almost an hour to physically check-in the rooms. 
No complimentary drinking water
Broken cupboard, i fixed 2 shelves myself to make use of them
No place to plug in the available water heater
Wifi not working
Breakfast is having very minimal offerings 
Stained sofas
TV remote control missing",Negative,check-in,Front office,null,Negative,
84,"Rooms were not ready, had to wait for almost an hour to physically check-in the rooms. 
No complimentary drinking water
Broken cupboard, i fixed 2 shelves myself to make use of them
No place to plug in the available water heater
Wifi not working
Breakfast is having very minimal offerings 
Stained sofas
TV remote control missing",Negative,null,Engineering,null,Negative,
84,"Rooms were not ready, had to wait for almost an hour to physically check-in the rooms. 
No complimentary drinking water
Broken cupboard, i fixed 2 shelves myself to make use of them
No place to plug in the available water heater
Wifi not working
Breakfast is having very minimal offerings 
Stained sofas
TV remote control missing",Negative,Rooms,Housekeeping,null,Negative,
84,"Rooms were not ready, had to wait for almost an hour to physically check-in the rooms. 
No complimentary drinking water
Broken cupboard, i fixed 2 shelves myself to make use of them
No place to plug in the available water heater
Wifi not working
Breakfast is having very minimal offerings 
Stained sofas
TV remote control missing",Negative,water,Amenities,null,Negative,
84,"Rooms were not ready, had to wait for almost an hour to physically check-in the rooms. 
No complimentary drinking water
Broken cupboard, i fixed 2 shelves myself to make use of them
No place to plug in the available water heater
Wifi not working
Breakfast is having very minimal offerings 
Stained sofas
TV remote control missing",Negative,Wifi,Engineering,null,Negative,
84,"Rooms were not ready, had to wait for almost an hour to physically check-in the rooms. 
No complimentary drinking water
Broken cupboard, i fixed 2 shelves myself to make use of them
No place to plug in the available water heater
Wifi not working
Breakfast is having very minimal offerings 
Stained sofas
TV remote control missing",Negative,sofas,Furniture,Stained,Negative,
85,"The location is good but there is no breakfast, wifi and the hotel is not clean",Neutral,location,Location,good,Positive,
85,"The location is good but there is no breakfast, wifi and the hotel is not clean",Neutral,breakfast,Food and beverage,null,Negative,
85,"The location is good but there is no breakfast, wifi and the hotel is not clean",Neutral,hotel,General,null,Negative,
85,"The location is good but there is no breakfast, wifi and the hotel is not clean",Neutral,wifi,Engineering,null,Negative,
86,"check in took far to long, even though we were the only ones checking in. the “non smoking” room reeked of smoke. shower is designed in such a way that it floods the bathroom floor. Food at pretty expensive breakfast buffet was cold and labelled incorrectly and also hard to reach.",Negative,null,Food and beverage,cold,Negative,
86,"check in took far to long, even though we were the only ones checking in. the “non smoking” room reeked of smoke. shower is designed in such a way that it floods the bathroom floor. Food at pretty expensive breakfast buffet was cold and labelled incorrectly and also hard to reach.",Negative,breakfast,Value,expensive,Negative,
86,"check in took far to long, even though we were the only ones checking in. the “non smoking” room reeked of smoke. shower is designed in such a way that it floods the bathroom floor. Food at pretty expensive breakfast buffet was cold and labelled incorrectly and also hard to reach.",Negative,shower,Engineering,floods,Negative,
86,"check in took far to long, even though we were the only ones checking in. the “non smoking” room reeked of smoke. shower is designed in such a way that it floods the bathroom floor. Food at pretty expensive breakfast buffet was cold and labelled incorrectly and also hard to reach.",Negative,check in,Food and beverage,null,Negative,
86,"check in took far to long, even though we were the only ones checking in. the “non smoking” room reeked of smoke. shower is designed in such a way that it floods the bathroom floor. Food at pretty expensive breakfast buffet was cold and labelled incorrectly and also hard to reach.",Negative,food,Food and beverage,null,Negative,
86,"check in took far to long, even though we were the only ones checking in. the “non smoking” room reeked of smoke. shower is designed in such a way that it floods the bathroom floor. Food at pretty expensive breakfast buffet was cold and labelled incorrectly and also hard to reach.",Negative,room,Room,null,Negative,
86,"check in took far to long, even though we were the only ones checking in. the “non smoking” room reeked of smoke. shower is designed in such a way that it floods the bathroom floor. Food at pretty expensive breakfast buffet was cold and labelled incorrectly and also hard to reach.",Negative,Food,Food and beverage,null,Negative,
87,There is free breakfast and room price is reasonable.,Positive,breakfast,Food and beverage,free,Positive,
87,There is free breakfast and room price is reasonable.,Positive,price,Value,reasonable,Positive,
88,The breakfast menu was so pathetic and it seems like that what i have paid is for 3 star or 2 star hotel really got disappointed by the staff poor behavior and the room sizes were so small,Negative,staff,Human Resources,null,Negative,
88,The breakfast menu was so pathetic and it seems like that what i have paid is for 3 star or 2 star hotel really got disappointed by the staff poor behavior and the room sizes were so small,Negative,breakfast,Food and beverage,pathetic,Negative,
88,The breakfast menu was so pathetic and it seems like that what i have paid is for 3 star or 2 star hotel really got disappointed by the staff poor behavior and the room sizes were so small,Negative,room,Room,small,Negative,
89,"The staff are extremely slow, in addition, I was told on Day 1 I have paid breakfast then they made me pay 65 SAR as they realized that I have no breakfast (I felt I was fooled). Finally, room refreshments are really bad.",Negative,staff,Human Resources,slow,Negative,
89,"The staff are extremely slow, in addition, I was told on Day 1 I have paid breakfast then they made me pay 65 SAR as they realized that I have no breakfast (I felt I was fooled). Finally, room refreshments are really bad.",Negative,room refreshments,Room,bad,Negative,
91,"There are basics that may ruin the whole experience, although they are small. Below are few examples
1. Some of the furniture looks dirty (e.g. tables). I contacted the management and housekeeping and they claim that due to the “sun and heat” they look dirty as the color has faded and there is nothing they can do about it. You would expect a 5 stars to be able to simply purchase better furniture. 
2. I have requested a “newly wed package” that includes dinner and room decorations (flowers, cake, etc) and they were not present during the agreed time which ruined the whole experience. After about 5,000 calls to management they apologized and offered free lunch. 
My experience was not at all pleasant, and I suggest you visit other five stars hotels if you want a more luxurious experience and get your money worth",Negative,furniture,Furniture,dirty,Negative,
91,"There are basics that may ruin the whole experience, although they are small. Below are few examples
1. Some of the furniture looks dirty (e.g. tables). I contacted the management and housekeeping and they claim that due to the “sun and heat” they look dirty as the color has faded and there is nothing they can do about it. You would expect a 5 stars to be able to simply purchase better furniture. 
2. I have requested a “newly wed package” that includes dinner and room decorations (flowers, cake, etc) and they were not present during the agreed time which ruined the whole experience. After about 5,000 calls to management they apologized and offered free lunch. 
My experience was not at all pleasant, and I suggest you visit other five stars hotels if you want a more luxurious experience and get your money worth",Negative,null,Room services,null,Negative,
92,"The location near to the Red sea, markets, malls, is excellent. Also, the professionalism of the hotel staffs is great. 
The breakfast which was included with the room was also excellent. Room service for both lunch and dinner is also available which added an extra comfort.",Positive,Room service,Room services,available,Positive,
92,"The location near to the Red sea, markets, malls, is excellent. Also, the professionalism of the hotel staffs is great. 
The breakfast which was included with the room was also excellent. Room service for both lunch and dinner is also available which added an extra comfort.",Positive,breakfast,Food and beverage,excellent,Positive,
92,"The location near to the Red sea, markets, malls, is excellent. Also, the professionalism of the hotel staffs is great. 
The breakfast which was included with the room was also excellent. Room service for both lunch and dinner is also available which added an extra comfort.",Positive,location,Location,excellent,Positive,
92,"The location near to the Red sea, markets, malls, is excellent. Also, the professionalism of the hotel staffs is great. 
The breakfast which was included with the room was also excellent. Room service for both lunch and dinner is also available which added an extra comfort.",Positive,staffs,Human Resources,great,Positive,
92,"The location near to the Red sea, markets, malls, is excellent. Also, the professionalism of the hotel staffs is great. 
The breakfast which was included with the room was also excellent. Room service for both lunch and dinner is also available which added an extra comfort.",Positive,null,Location,null,Positive,
93,The buffet Seafood lunch was ok but not what I expected. The veriery was poor with no grilled prawns or squid. Therefore it cannot be classified as a seafood buffet.,Neutral,buffet,Food and beverage,ok,Neutral,
93,The buffet Seafood lunch was ok but not what I expected. The veriery was poor with no grilled prawns or squid. Therefore it cannot be classified as a seafood buffet.,Neutral,null,Food and beverage,veriery was poor,Negative,
94,Crowded elevators.,Negative,elevators,Amenities,Crowded,Negative,
95,No restaurant on lunchtime or dinner. No shops or restaurants near the hotel in which you can approach it by walking,Negative,null,Location,null,Negative,
95,No restaurant on lunchtime or dinner. No shops or restaurants near the hotel in which you can approach it by walking,Negative,restaurant,Food and beverage,null,Negative,
96,One of my items for laundry was not delivered on time. When I called the reception they didn't help and gave me another extension to call. Then the laundry staff said he's having lunch and he'll deliver afterwards!!,Negative,laundry,Housekeeping,null,Negative,
96,One of my items for laundry was not delivered on time. When I called the reception they didn't help and gave me another extension to call. Then the laundry staff said he's having lunch and he'll deliver afterwards!!,Negative,laundry staff,Human Resources,null,Negative,
96,One of my items for laundry was not delivered on time. When I called the reception they didn't help and gave me another extension to call. Then the laundry staff said he's having lunch and he'll deliver afterwards!!,Negative,reception,Human Resources,null,Negative,
97,"No solution for breakfast except a small supermarket
There is a checkpoint at the entry and there is a need of permission and reception was not cooperative I spent more than half an hour to get through
Few solutions for lunch and dinner",Negative,breakfast,Food and beverage,null,Negative,
97,"No solution for breakfast except a small supermarket
There is a checkpoint at the entry and there is a need of permission and reception was not cooperative I spent more than half an hour to get through
Few solutions for lunch and dinner",Negative,lunch and dinner,Food and beverage,null,Negative,
97,"No solution for breakfast except a small supermarket
There is a checkpoint at the entry and there is a need of permission and reception was not cooperative I spent more than half an hour to get through
Few solutions for lunch and dinner",Negative,checkpoint,Security,null,Negative,
98,"Nice location, perfect for walks along the corniche. 
Excellent breakfast, above expectations.
Also the Friday lunch buffet was very nice, just a pity that the food in the trays was warmish-cold and not well heated.
Nice rooms, with all the needed facilities. Great shower.
Squash courts :)",Positive,shower,Amenities,", with all the needed facilities.",Positive,
98,"Nice location, perfect for walks along the corniche. 
Excellent breakfast, above expectations.
Also the Friday lunch buffet was very nice, just a pity that the food in the trays was warmish-cold and not well heated.
Nice rooms, with all the needed facilities. Great shower.
Squash courts :)",Positive,breakfast,Food and beverage,Excellent,Positive,
98,"Nice location, perfect for walks along the corniche. 
Excellent breakfast, above expectations.
Also the Friday lunch buffet was very nice, just a pity that the food in the trays was warmish-cold and not well heated.
Nice rooms, with all the needed facilities. Great shower.
Squash courts :)",Positive,buffet,Food and beverage,nice,Positive,
98,"Nice location, perfect for walks along the corniche. 
Excellent breakfast, above expectations.
Also the Friday lunch buffet was very nice, just a pity that the food in the trays was warmish-cold and not well heated.
Nice rooms, with all the needed facilities. Great shower.
Squash courts :)",Positive,location,Location,Nice,Positive,
98,"Nice location, perfect for walks along the corniche. 
Excellent breakfast, above expectations.
Also the Friday lunch buffet was very nice, just a pity that the food in the trays was warmish-cold and not well heated.
Nice rooms, with all the needed facilities. Great shower.
Squash courts :)",Positive,rooms,Room,Nice,Positive,
98,"Nice location, perfect for walks along the corniche. 
Excellent breakfast, above expectations.
Also the Friday lunch buffet was very nice, just a pity that the food in the trays was warmish-cold and not well heated.
Nice rooms, with all the needed facilities. Great shower.
Squash courts :)",Positive,food,Food and beverage,null,Neutral,
98,"Nice location, perfect for walks along the corniche. 
Excellent breakfast, above expectations.
Also the Friday lunch buffet was very nice, just a pity that the food in the trays was warmish-cold and not well heated.
Nice rooms, with all the needed facilities. Great shower.
Squash courts :)",Positive,facilities,Amenities,null,Positive,
99,"staff where too friendly, reception lady “Marwa” checked us in and out and was extremely helpful and polite. 
I went to my room while housekeeping was cleaning my room, i have witnessed a supervisor checking the cleaning process which indicate that they maintain high standards.
i liked the high quality room and bathroom amenities unlike other hotels amenities.",Positive,staff,Human Resources,friendly,Positive,
99,"staff where too friendly, reception lady “Marwa” checked us in and out and was extremely helpful and polite. 
I went to my room while housekeeping was cleaning my room, i have witnessed a supervisor checking the cleaning process which indicate that they maintain high standards.
i liked the high quality room and bathroom amenities unlike other hotels amenities.",Positive,reception,Human Resources,helpful and polite,Positive,
99,"staff where too friendly, reception lady “Marwa” checked us in and out and was extremely helpful and polite. 
I went to my room while housekeeping was cleaning my room, i have witnessed a supervisor checking the cleaning process which indicate that they maintain high standards.
i liked the high quality room and bathroom amenities unlike other hotels amenities.",Positive,room,Room,high quality,Positive,
99,"staff where too friendly, reception lady “Marwa” checked us in and out and was extremely helpful and polite. 
I went to my room while housekeeping was cleaning my room, i have witnessed a supervisor checking the cleaning process which indicate that they maintain high standards.
i liked the high quality room and bathroom amenities unlike other hotels amenities.",Positive,bathroom amenities,Amenities,liked,Positive,
99,"staff where too friendly, reception lady “Marwa” checked us in and out and was extremely helpful and polite. 
I went to my room while housekeeping was cleaning my room, i have witnessed a supervisor checking the cleaning process which indicate that they maintain high standards.
i liked the high quality room and bathroom amenities unlike other hotels amenities.",Positive,housekeeping,Housekeeping,null,Positive,
100,Very Good Location Very Good Staff Specially Md Faridul Islam He helped me lot to obtain the room very fast and before checking in time as well the security guard Mr. Saleh AlZahrani very good helping nature person. one room service boy I don't know his name he also always available for room service. THanks a lot Pullman Zamzam I wish more day stay but due to work I did not Insha Allah if I come to Makkah I will stay there. Best Regards Syed Quadri,Positive,room service boy,Human Resources,available,Positive,
100,Very Good Location Very Good Staff Specially Md Faridul Islam He helped me lot to obtain the room very fast and before checking in time as well the security guard Mr. Saleh AlZahrani very good helping nature person. one room service boy I don't know his name he also always available for room service. THanks a lot Pullman Zamzam I wish more day stay but due to work I did not Insha Allah if I come to Makkah I will stay there. Best Regards Syed Quadri,Positive,Location,Location,Good,Positive,
100,Very Good Location Very Good Staff Specially Md Faridul Islam He helped me lot to obtain the room very fast and before checking in time as well the security guard Mr. Saleh AlZahrani very good helping nature person. one room service boy I don't know his name he also always available for room service. THanks a lot Pullman Zamzam I wish more day stay but due to work I did not Insha Allah if I come to Makkah I will stay there. Best Regards Syed Quadri,Positive,security guard,Human Resources,good,Positive,
100,Very Good Location Very Good Staff Specially Md Faridul Islam He helped me lot to obtain the room very fast and before checking in time as well the security guard Mr. Saleh AlZahrani very good helping nature person. one room service boy I don't know his name he also always available for room service. THanks a lot Pullman Zamzam I wish more day stay but due to work I did not Insha Allah if I come to Makkah I will stay there. Best Regards Syed Quadri,Positive,Staff,Human Resources,Good,Positive,
101,"The hotel staff totally remained indifferent to us right from the check-in to the time of checkout when they asked how was the stay. We felt as if we rented only a room and that's it! I had to go back and ask the reception about where will be the breakfast served and what are timings.
The guy at checkin just took payment, gave me the room cards and that's it! No guidance about how to go to room, no staff to take us to the room, nothing mentioned about breakfast, nothing about wifi. No welcome message or fruit basket in the room. No call from guest relations to ask about the stay or anything needed.
The quilts on the beds were very thin, not soft and were uncomfortable.
The options of foods in breakfast buffet were not good as compared to other hotels in the area.
The breakfast restaurant had very small mosquitoes which usually appear on rotten fruits or vegetables. Really disappointed to see such uncommon issues in a 5 star hotel.",Negative,breakfast,Food and beverage,not good,Negative,
101,"The hotel staff totally remained indifferent to us right from the check-in to the time of checkout when they asked how was the stay. We felt as if we rented only a room and that's it! I had to go back and ask the reception about where will be the breakfast served and what are timings.
The guy at checkin just took payment, gave me the room cards and that's it! No guidance about how to go to room, no staff to take us to the room, nothing mentioned about breakfast, nothing about wifi. No welcome message or fruit basket in the room. No call from guest relations to ask about the stay or anything needed.
The quilts on the beds were very thin, not soft and were uncomfortable.
The options of foods in breakfast buffet were not good as compared to other hotels in the area.
The breakfast restaurant had very small mosquitoes which usually appear on rotten fruits or vegetables. Really disappointed to see such uncommon issues in a 5 star hotel.",Negative,restaurant,Food and beverage,null,Negative,
101,"The hotel staff totally remained indifferent to us right from the check-in to the time of checkout when they asked how was the stay. We felt as if we rented only a room and that's it! I had to go back and ask the reception about where will be the breakfast served and what are timings.
The guy at checkin just took payment, gave me the room cards and that's it! No guidance about how to go to room, no staff to take us to the room, nothing mentioned about breakfast, nothing about wifi. No welcome message or fruit basket in the room. No call from guest relations to ask about the stay or anything needed.
The quilts on the beds were very thin, not soft and were uncomfortable.
The options of foods in breakfast buffet were not good as compared to other hotels in the area.
The breakfast restaurant had very small mosquitoes which usually appear on rotten fruits or vegetables. Really disappointed to see such uncommon issues in a 5 star hotel.",Negative,staff,Human Resources,null,Negative,
101,"The hotel staff totally remained indifferent to us right from the check-in to the time of checkout when they asked how was the stay. We felt as if we rented only a room and that's it! I had to go back and ask the reception about where will be the breakfast served and what are timings.
The guy at checkin just took payment, gave me the room cards and that's it! No guidance about how to go to room, no staff to take us to the room, nothing mentioned about breakfast, nothing about wifi. No welcome message or fruit basket in the room. No call from guest relations to ask about the stay or anything needed.
The quilts on the beds were very thin, not soft and were uncomfortable.
The options of foods in breakfast buffet were not good as compared to other hotels in the area.
The breakfast restaurant had very small mosquitoes which usually appear on rotten fruits or vegetables. Really disappointed to see such uncommon issues in a 5 star hotel.",Negative,quilts,Furniture,"very thin, not soft and were uncomfortable",Negative,
102,"The owner of the property is a very nice person. His hospitality etiquettes are par excellence.
He was very patient in getting our queries answered while checking in and the overall process was very smooth. Gave a walkthrough of all the facilities at the house which was very well equipped with all the required amenities. The property was very clean and well equipped with hygiene materials and sanitizers which was very positive especially during COVID times. All the kids enjoyed playing around in the vast courtyard which has a trampoline, swings and a slide. The owner is making efforts to improvise the property and wants his property to be neat and clean - We took care of this aspect and left the place neat and tidy just as he had kept at our arrival. Our way of saying thanks to him -Shukran!!",Positive,checking,Front office,checking,Positive,
102,"The owner of the property is a very nice person. His hospitality etiquettes are par excellence.
He was very patient in getting our queries answered while checking in and the overall process was very smooth. Gave a walkthrough of all the facilities at the house which was very well equipped with all the required amenities. The property was very clean and well equipped with hygiene materials and sanitizers which was very positive especially during COVID times. All the kids enjoyed playing around in the vast courtyard which has a trampoline, swings and a slide. The owner is making efforts to improvise the property and wants his property to be neat and clean - We took care of this aspect and left the place neat and tidy just as he had kept at our arrival. Our way of saying thanks to him -Shukran!!",Positive,property,General,clean,Positive,
102,"The owner of the property is a very nice person. His hospitality etiquettes are par excellence.
He was very patient in getting our queries answered while checking in and the overall process was very smooth. Gave a walkthrough of all the facilities at the house which was very well equipped with all the required amenities. The property was very clean and well equipped with hygiene materials and sanitizers which was very positive especially during COVID times. All the kids enjoyed playing around in the vast courtyard which has a trampoline, swings and a slide. The owner is making efforts to improvise the property and wants his property to be neat and clean - We took care of this aspect and left the place neat and tidy just as he had kept at our arrival. Our way of saying thanks to him -Shukran!!",Positive,courtyard,Amenities,enjoyed,Positive,
102,"The owner of the property is a very nice person. His hospitality etiquettes are par excellence.
He was very patient in getting our queries answered while checking in and the overall process was very smooth. Gave a walkthrough of all the facilities at the house which was very well equipped with all the required amenities. The property was very clean and well equipped with hygiene materials and sanitizers which was very positive especially during COVID times. All the kids enjoyed playing around in the vast courtyard which has a trampoline, swings and a slide. The owner is making efforts to improvise the property and wants his property to be neat and clean - We took care of this aspect and left the place neat and tidy just as he had kept at our arrival. Our way of saying thanks to him -Shukran!!",Positive,hospitality,Human Resources,excellence,Positive,
102,"The owner of the property is a very nice person. His hospitality etiquettes are par excellence.
He was very patient in getting our queries answered while checking in and the overall process was very smooth. Gave a walkthrough of all the facilities at the house which was very well equipped with all the required amenities. The property was very clean and well equipped with hygiene materials and sanitizers which was very positive especially during COVID times. All the kids enjoyed playing around in the vast courtyard which has a trampoline, swings and a slide. The owner is making efforts to improvise the property and wants his property to be neat and clean - We took care of this aspect and left the place neat and tidy just as he had kept at our arrival. Our way of saying thanks to him -Shukran!!",Positive,owner,Human Resources,nice,Positive,
102,"The owner of the property is a very nice person. His hospitality etiquettes are par excellence.
He was very patient in getting our queries answered while checking in and the overall process was very smooth. Gave a walkthrough of all the facilities at the house which was very well equipped with all the required amenities. The property was very clean and well equipped with hygiene materials and sanitizers which was very positive especially during COVID times. All the kids enjoyed playing around in the vast courtyard which has a trampoline, swings and a slide. The owner is making efforts to improvise the property and wants his property to be neat and clean - We took care of this aspect and left the place neat and tidy just as he had kept at our arrival. Our way of saying thanks to him -Shukran!!",Positive,null,Human Resources,patient,Positive,
102,"The owner of the property is a very nice person. His hospitality etiquettes are par excellence.
He was very patient in getting our queries answered while checking in and the overall process was very smooth. Gave a walkthrough of all the facilities at the house which was very well equipped with all the required amenities. The property was very clean and well equipped with hygiene materials and sanitizers which was very positive especially during COVID times. All the kids enjoyed playing around in the vast courtyard which has a trampoline, swings and a slide. The owner is making efforts to improvise the property and wants his property to be neat and clean - We took care of this aspect and left the place neat and tidy just as he had kept at our arrival. Our way of saying thanks to him -Shukran!!",Positive,facilities,Amenities,well equipped,Positive,
103,"First of all, we were not offered the room that we choose while booking, upon requesting the chosen room they made us wait 30 mins in order to check-in. The room we checked into after 30 mins had broken sofa, curtain, lamps, w.c and the smell inside the room was not pleasant at all. We actually thought of checking out but as the stay was just 2 nights we decided to just stay put. Never staying here again, and never recommending to anyone.",Negative,smell,Room,not pleasant,Negative,
103,"First of all, we were not offered the room that we choose while booking, upon requesting the chosen room they made us wait 30 mins in order to check-in. The room we checked into after 30 mins had broken sofa, curtain, lamps, w.c and the smell inside the room was not pleasant at all. We actually thought of checking out but as the stay was just 2 nights we decided to just stay put. Never staying here again, and never recommending to anyone.",Negative,sofa,Furniture,broken,Negative,
103,"First of all, we were not offered the room that we choose while booking, upon requesting the chosen room they made us wait 30 mins in order to check-in. The room we checked into after 30 mins had broken sofa, curtain, lamps, w.c and the smell inside the room was not pleasant at all. We actually thought of checking out but as the stay was just 2 nights we decided to just stay put. Never staying here again, and never recommending to anyone.",Negative,curtain,Furniture,broken,Negative,
103,"First of all, we were not offered the room that we choose while booking, upon requesting the chosen room they made us wait 30 mins in order to check-in. The room we checked into after 30 mins had broken sofa, curtain, lamps, w.c and the smell inside the room was not pleasant at all. We actually thought of checking out but as the stay was just 2 nights we decided to just stay put. Never staying here again, and never recommending to anyone.",Negative,lamps,Furniture,broken,Negative,
103,"First of all, we were not offered the room that we choose while booking, upon requesting the chosen room they made us wait 30 mins in order to check-in. The room we checked into after 30 mins had broken sofa, curtain, lamps, w.c and the smell inside the room was not pleasant at all. We actually thought of checking out but as the stay was just 2 nights we decided to just stay put. Never staying here again, and never recommending to anyone.",Negative,w.c,Bathroom,broken,Negative,
103,"First of all, we were not offered the room that we choose while booking, upon requesting the chosen room they made us wait 30 mins in order to check-in. The room we checked into after 30 mins had broken sofa, curtain, lamps, w.c and the smell inside the room was not pleasant at all. We actually thought of checking out but as the stay was just 2 nights we decided to just stay put. Never staying here again, and never recommending to anyone.",Negative,check-in,Front office,wait,Negative,
104,"The housekeeping was below average and many items did not work or were broken
Dust pin in toilet was not functioning
The shower stand was broken
The phone was not functioning
The waiting tome during checkin was more than 20 min",Negative,housekeeping,Housekeeping,below average,Negative,
104,"The housekeeping was below average and many items did not work or were broken
Dust pin in toilet was not functioning
The shower stand was broken
The phone was not functioning
The waiting tome during checkin was more than 20 min",Negative,shower stand,Engineering,broken,Negative,
104,"The housekeeping was below average and many items did not work or were broken
Dust pin in toilet was not functioning
The shower stand was broken
The phone was not functioning
The waiting tome during checkin was more than 20 min",Negative,items,Engineering,did not work or were broken,Negative,
104,"The housekeeping was below average and many items did not work or were broken
Dust pin in toilet was not functioning
The shower stand was broken
The phone was not functioning
The waiting tome during checkin was more than 20 min",Negative,Dust pin,Amenities,not functioning,Negative,
104,"The housekeeping was below average and many items did not work or were broken
Dust pin in toilet was not functioning
The shower stand was broken
The phone was not functioning
The waiting tome during checkin was more than 20 min",Negative,checkin,Front office,null,Negative,
104,"The housekeeping was below average and many items did not work or were broken
Dust pin in toilet was not functioning
The shower stand was broken
The phone was not functioning
The waiting tome during checkin was more than 20 min",Negative,phone,Engineering,was not functioning,Negative,
105,Ibrahim at the reception - amazing hospitality and customer service. Greeted with a big smile and super helpful and cooperative. Even Mohamed Shamri was very helpful when checking out. It's the hotel staff that make your stay exceptional anytime and Sheraton Jeddah surely have a great team!,Positive,customer service,Human Resources,amazing,Positive,
105,Ibrahim at the reception - amazing hospitality and customer service. Greeted with a big smile and super helpful and cooperative. Even Mohamed Shamri was very helpful when checking out. It's the hotel staff that make your stay exceptional anytime and Sheraton Jeddah surely have a great team!,Positive,hospitality,Human Resources,amazing,Positive,
105,Ibrahim at the reception - amazing hospitality and customer service. Greeted with a big smile and super helpful and cooperative. Even Mohamed Shamri was very helpful when checking out. It's the hotel staff that make your stay exceptional anytime and Sheraton Jeddah surely have a great team!,Positive,reception,Human Resources,amazing,Positive,
105,Ibrahim at the reception - amazing hospitality and customer service. Greeted with a big smile and super helpful and cooperative. Even Mohamed Shamri was very helpful when checking out. It's the hotel staff that make your stay exceptional anytime and Sheraton Jeddah surely have a great team!,Positive,staff,Human Resources,exceptional,Positive,
105,Ibrahim at the reception - amazing hospitality and customer service. Greeted with a big smile and super helpful and cooperative. Even Mohamed Shamri was very helpful when checking out. It's the hotel staff that make your stay exceptional anytime and Sheraton Jeddah surely have a great team!,Positive,null,Human Resources,helpful,Positive,
105,Ibrahim at the reception - amazing hospitality and customer service. Greeted with a big smile and super helpful and cooperative. Even Mohamed Shamri was very helpful when checking out. It's the hotel staff that make your stay exceptional anytime and Sheraton Jeddah surely have a great team!,Positive,null,Human Resources,null,Positive,
106,The staff the reception staff very poor i tried to check in at 3:40 PM and they said the room is not ready please wait i waited and at last i checked in at 4:34 into a room which was not what i booked.All others who were locals were checking in as they came in and i noticed it was only non locals who were kept waiting. The reception guy named Hassan very rude and impolite. This has by far been my worst stay.,Negative,reception,Human Resources,Hassan,Negative,
106,The staff the reception staff very poor i tried to check in at 3:40 PM and they said the room is not ready please wait i waited and at last i checked in at 4:34 into a room which was not what i booked.All others who were locals were checking in as they came in and i noticed it was only non locals who were kept waiting. The reception guy named Hassan very rude and impolite. This has by far been my worst stay.,Negative,reception,Human Resources,poor,Negative,
106,The staff the reception staff very poor i tried to check in at 3:40 PM and they said the room is not ready please wait i waited and at last i checked in at 4:34 into a room which was not what i booked.All others who were locals were checking in as they came in and i noticed it was only non locals who were kept waiting. The reception guy named Hassan very rude and impolite. This has by far been my worst stay.,Negative,check in,Housekeeping,the room is not ready,Negative,
107,"The staff doesn't speak English very well. The bathroom was outdated and not very clean, it should need a deep cleaning to remove all the black stuff.",Negative,bathroom,Bathroom,null,Negative,
107,"The staff doesn't speak English very well. The bathroom was outdated and not very clean, it should need a deep cleaning to remove all the black stuff.",Negative,staff,Human Resources,null,Negative,
107,"The staff doesn't speak English very well. The bathroom was outdated and not very clean, it should need a deep cleaning to remove all the black stuff.",Negative,bathroom,Bathroom,outdated,Negative,
108,A good place to stay in Wadi al Dawasir. Comfortable and near center of town. Internet worked well. Staff spoke English. Decent breakfast.,Positive,Internet,Amenities,worked well,Positive,
108,A good place to stay in Wadi al Dawasir. Comfortable and near center of town. Internet worked well. Staff spoke English. Decent breakfast.,Positive,place,General,Comfortable,Positive,
108,A good place to stay in Wadi al Dawasir. Comfortable and near center of town. Internet worked well. Staff spoke English. Decent breakfast.,Positive,breakfast,Food and beverage,Decent,Positive,
108,A good place to stay in Wadi al Dawasir. Comfortable and near center of town. Internet worked well. Staff spoke English. Decent breakfast.,Positive,place,General,good,Positive,
108,A good place to stay in Wadi al Dawasir. Comfortable and near center of town. Internet worked well. Staff spoke English. Decent breakfast.,Positive,null,Location,null,Positive,
108,A good place to stay in Wadi al Dawasir. Comfortable and near center of town. Internet worked well. Staff spoke English. Decent breakfast.,Positive,Staff,Human Resources,null,Positive,
109,"no toilet papers, no bins in the toilet, no towels and no one speaking english",Negative,bins,Amenities,null,Negative,
109,"no toilet papers, no bins in the toilet, no towels and no one speaking english",Negative,toilet papers,Amenities,null,Negative,
109,"no toilet papers, no bins in the toilet, no towels and no one speaking english",Negative,null,Human Resources,null,Negative,
109,"no toilet papers, no bins in the toilet, no towels and no one speaking english",Negative,towels,Amenities,null,Negative,
110,"Friendly staff, nice box of bathroom materials (toothbrush, soap etc). TV had a few English channels. English was spoken.",Positive,staff,Human Resources,Friendly,Positive,
110,"Friendly staff, nice box of bathroom materials (toothbrush, soap etc). TV had a few English channels. English was spoken.",Positive,null,Amenities,nice,Positive,
110,"Friendly staff, nice box of bathroom materials (toothbrush, soap etc). TV had a few English channels. English was spoken.",Positive,null,Human Resources,null,Positive,
110,"Friendly staff, nice box of bathroom materials (toothbrush, soap etc). TV had a few English channels. English was spoken.",Positive,TV,Amenities,null,Positive,
111,"I forgot my (samsung original) mobile fast charger and I was hoping the staff will keep it and inform their supervisor to call me, if they have that kind of policy.. but when I reached home, I was calling the hotel but it was too difficult to get through..so the next day I sent a message and they answered to advise me if they found it..what? Am sure I left it inside the room. I asked my friend to call the hotel because they don't speak in English.. they said they didn't find it.. I don't believe! Their staff is dishonest, so disappointing.. never again and I will not recommend.. trust issue is big deal for me",Negative,staff,Human Resources,dishonest,Negative,
112,"House was very big with lots of outdoor space and some toys for kids. House was clean, tidy and spacious but had limited facilities. Host was kind, got in touch straightaway and provided lots of locations of interest - however only spoke Arabic, no English, and only took cash.",Neutral,House,General,big,Positive,
112,"House was very big with lots of outdoor space and some toys for kids. House was clean, tidy and spacious but had limited facilities. Host was kind, got in touch straightaway and provided lots of locations of interest - however only spoke Arabic, no English, and only took cash.",Neutral,Host,Human Resources,kind,Positive,
112,"House was very big with lots of outdoor space and some toys for kids. House was clean, tidy and spacious but had limited facilities. Host was kind, got in touch straightaway and provided lots of locations of interest - however only spoke Arabic, no English, and only took cash.",Neutral,facilities,Amenities,limited,Negative,
112,"House was very big with lots of outdoor space and some toys for kids. House was clean, tidy and spacious but had limited facilities. Host was kind, got in touch straightaway and provided lots of locations of interest - however only spoke Arabic, no English, and only took cash.",Neutral,null,General,null,Positive,
112,"House was very big with lots of outdoor space and some toys for kids. House was clean, tidy and spacious but had limited facilities. Host was kind, got in touch straightaway and provided lots of locations of interest - however only spoke Arabic, no English, and only took cash.",Neutral,null,Human Resources,null,Negative,
112,"House was very big with lots of outdoor space and some toys for kids. House was clean, tidy and spacious but had limited facilities. Host was kind, got in touch straightaway and provided lots of locations of interest - however only spoke Arabic, no English, and only took cash.",Neutral,with lots of outdoor space,Amenities,with lots of outdoor space,Positive,
113,It was nice and clean and the staff could speak English. Very good value for money.,Positive,value,Value,good,Positive,
113,It was nice and clean and the staff could speak English. Very good value for money.,Positive,null,General,nice and clean,Positive,
113,It was nice and clean and the staff could speak English. Very good value for money.,Positive,staff,Human Resources,null,Positive,
114,"Transferred us (from room 303) to other room after 2.5 hours checked in (we were deep sleeping, tired from long traveling then they called us thru landline), in the 2nd room (room 208) and the corridor there was continously smell of smoking (cigarettes), when checked out, the receptionist (lady) couldn't understand for what I said (I gave her the card and said check out) and she asked my passport copy and iqama, I asked her for what, she told about surta (police), I asked her for what u asked my passport or iqama copy just for check out, I showed her my payment so she could understand for what I meant (I just want to check out) but then she took it and make it copy, I asked her for what copied of my receipt, still she couldn't understand. Both receptionist I met during check-in and check-out couldn't speak English.",Negative,receptionist,Front office,null,Negative,
114,"Transferred us (from room 303) to other room after 2.5 hours checked in (we were deep sleeping, tired from long traveling then they called us thru landline), in the 2nd room (room 208) and the corridor there was continously smell of smoking (cigarettes), when checked out, the receptionist (lady) couldn't understand for what I said (I gave her the card and said check out) and she asked my passport copy and iqama, I asked her for what, she told about surta (police), I asked her for what u asked my passport or iqama copy just for check out, I showed her my payment so she could understand for what I meant (I just want to check out) but then she took it and make it copy, I asked her for what copied of my receipt, still she couldn't understand. Both receptionist I met during check-in and check-out couldn't speak English.",Negative,corridor,General,smell,Negative,
115,The location is excellent. The breakfast and dinner was great.,Positive,location,Location,excellent,Positive,
115,The location is excellent. The breakfast and dinner was great.,Positive,breakfast,Food and beverage,great,Positive,
115,The location is excellent. The breakfast and dinner was great.,Positive,dinner,Food and beverage,great,Positive,
116,Hotel staff was friendly and helpful and communication in English was no problem. Rooms were comfortable and clean. It was nice having a small private balcony with table and chairs. Internet was stable and fast.,Positive,Rooms,Room,comfortable and clean,Positive,
116,Hotel staff was friendly and helpful and communication in English was no problem. Rooms were comfortable and clean. It was nice having a small private balcony with table and chairs. Internet was stable and fast.,Positive,staff,Human Resources,friendly and helpful,Positive,
116,Hotel staff was friendly and helpful and communication in English was no problem. Rooms were comfortable and clean. It was nice having a small private balcony with table and chairs. Internet was stable and fast.,Positive,balcony,Amenities,nice,Positive,
116,Hotel staff was friendly and helpful and communication in English was no problem. Rooms were comfortable and clean. It was nice having a small private balcony with table and chairs. Internet was stable and fast.,Positive,communication,Human Resources,null,Positive,
116,Hotel staff was friendly and helpful and communication in English was no problem. Rooms were comfortable and clean. It was nice having a small private balcony with table and chairs. Internet was stable and fast.,Positive,Internet,Amenities,stable and fast,Positive,
117,"as comapre to other facilities in Makkah, they speak good english, listen to the customers and try to solve the issues.",Positive,null,Human Resources,null,Positive,
117,"as comapre to other facilities in Makkah, they speak good english, listen to the customers and try to solve the issues.",Positive,null,Human Resources,null,Positive,
118,"Ideal for a short business trip. The staff at the reception speaks English very well (which is vital if you don’t know Arabic) and is very helpful: I requested a really early check-in and they managed to accommodate me very fast.
The breakfast was very tasty, combining both Arabic and Western food.
My room was really spacious and contained everything necessary for a comfortable stay.",Positive,staff,Human Resources,null,Positive,
118,"Ideal for a short business trip. The staff at the reception speaks English very well (which is vital if you don’t know Arabic) and is very helpful: I requested a really early check-in and they managed to accommodate me very fast.
The breakfast was very tasty, combining both Arabic and Western food.
My room was really spacious and contained everything necessary for a comfortable stay.",Positive,null,Front office,null,Positive,
118,"Ideal for a short business trip. The staff at the reception speaks English very well (which is vital if you don’t know Arabic) and is very helpful: I requested a really early check-in and they managed to accommodate me very fast.
The breakfast was very tasty, combining both Arabic and Western food.
My room was really spacious and contained everything necessary for a comfortable stay.",Positive,room,Room,spacious,Positive,
118,"Ideal for a short business trip. The staff at the reception speaks English very well (which is vital if you don’t know Arabic) and is very helpful: I requested a really early check-in and they managed to accommodate me very fast.
The breakfast was very tasty, combining both Arabic and Western food.
My room was really spacious and contained everything necessary for a comfortable stay.",Positive,breakfast,Food and beverage,tasty,Positive,
119,Saudi staff. Need somebody who can speak English also.,Negative,staff,Human Resources,null,Negative,
120,"Room service, House keeping and, reception weren't good.
They're not doing their job properly.
The shower was smelly. I asked for them to clean it they came and did almost nothing.
The house keeping wasn't as expected, they made the room but also didn't clean well.
The restaurant representative didn't know English.",Negative,house keeping,Housekeeping,null,Negative,
120,"Room service, House keeping and, reception weren't good.
They're not doing their job properly.
The shower was smelly. I asked for them to clean it they came and did almost nothing.
The house keeping wasn't as expected, they made the room but also didn't clean well.
The restaurant representative didn't know English.",Negative,restaurant representative,Human Resources,null,Negative,
120,"Room service, House keeping and, reception weren't good.
They're not doing their job properly.
The shower was smelly. I asked for them to clean it they came and did almost nothing.
The house keeping wasn't as expected, they made the room but also didn't clean well.
The restaurant representative didn't know English.",Negative,shower,Housekeeping,smelly,Negative,
120,"Room service, House keeping and, reception weren't good.
They're not doing their job properly.
The shower was smelly. I asked for them to clean it they came and did almost nothing.
The house keeping wasn't as expected, they made the room but also didn't clean well.
The restaurant representative didn't know English.",Negative,Room service,Human Resources,weren't good,Negative,
120,"Room service, House keeping and, reception weren't good.
They're not doing their job properly.
The shower was smelly. I asked for them to clean it they came and did almost nothing.
The house keeping wasn't as expected, they made the room but also didn't clean well.
The restaurant representative didn't know English.",Negative,House keeping,Human Resources,weren't good,Negative,
120,"Room service, House keeping and, reception weren't good.
They're not doing their job properly.
The shower was smelly. I asked for them to clean it they came and did almost nothing.
The house keeping wasn't as expected, they made the room but also didn't clean well.
The restaurant representative didn't know English.",Negative,reception,Human Resources,weren't good,Negative,
121,Nouran at front desk was very helpful. The only member of staff who could speak English. She was very friendly. Helped with arranging taxis too! :),Positive,null,Human Resources,friendly,Positive,
121,Nouran at front desk was very helpful. The only member of staff who could speak English. She was very friendly. Helped with arranging taxis too! :),Positive,front desk,Human Resources,helpful,Positive,
121,Nouran at front desk was very helpful. The only member of staff who could speak English. She was very friendly. Helped with arranging taxis too! :),Positive,null,Human Resources,speak English,Neutral,
122,"Only 1 slipper was provided. 
No toiletries, no towels. I think they will provide if you will request. We didn't request anymore since we had our own. 
There is no kitchenware so don't expect that u could cook there. Bring your own cooked food or bread and spread, and water. But you can order also from restaurants nearby. They have some leaflets at the lobby. They have no kitchen or restaurant so u cannot order food from the hotel. 
The TV was an old LCD, not a smart TV. Only Arabic + 1 English Channel. 
We were not able to use the swimming pool as it was I think under maintenance.",Negative,toiletries,Amenities,null,Negative,
122,"Only 1 slipper was provided. 
No toiletries, no towels. I think they will provide if you will request. We didn't request anymore since we had our own. 
There is no kitchenware so don't expect that u could cook there. Bring your own cooked food or bread and spread, and water. But you can order also from restaurants nearby. They have some leaflets at the lobby. They have no kitchen or restaurant so u cannot order food from the hotel. 
The TV was an old LCD, not a smart TV. Only Arabic + 1 English Channel. 
We were not able to use the swimming pool as it was I think under maintenance.",Negative,towels,Amenities,null,Negative,
122,"Only 1 slipper was provided. 
No toiletries, no towels. I think they will provide if you will request. We didn't request anymore since we had our own. 
There is no kitchenware so don't expect that u could cook there. Bring your own cooked food or bread and spread, and water. But you can order also from restaurants nearby. They have some leaflets at the lobby. They have no kitchen or restaurant so u cannot order food from the hotel. 
The TV was an old LCD, not a smart TV. Only Arabic + 1 English Channel. 
We were not able to use the swimming pool as it was I think under maintenance.",Negative,kitchenware,Amenities,null,Negative,
122,"Only 1 slipper was provided. 
No toiletries, no towels. I think they will provide if you will request. We didn't request anymore since we had our own. 
There is no kitchenware so don't expect that u could cook there. Bring your own cooked food or bread and spread, and water. But you can order also from restaurants nearby. They have some leaflets at the lobby. They have no kitchen or restaurant so u cannot order food from the hotel. 
The TV was an old LCD, not a smart TV. Only Arabic + 1 English Channel. 
We were not able to use the swimming pool as it was I think under maintenance.",Negative,kitchen or restaurant,Amenities,null,Negative,
122,"Only 1 slipper was provided. 
No toiletries, no towels. I think they will provide if you will request. We didn't request anymore since we had our own. 
There is no kitchenware so don't expect that u could cook there. Bring your own cooked food or bread and spread, and water. But you can order also from restaurants nearby. They have some leaflets at the lobby. They have no kitchen or restaurant so u cannot order food from the hotel. 
The TV was an old LCD, not a smart TV. Only Arabic + 1 English Channel. 
We were not able to use the swimming pool as it was I think under maintenance.",Negative,swimming pool,Amenities,null,Negative,
122,"Only 1 slipper was provided. 
No toiletries, no towels. I think they will provide if you will request. We didn't request anymore since we had our own. 
There is no kitchenware so don't expect that u could cook there. Bring your own cooked food or bread and spread, and water. But you can order also from restaurants nearby. They have some leaflets at the lobby. They have no kitchen or restaurant so u cannot order food from the hotel. 
The TV was an old LCD, not a smart TV. Only Arabic + 1 English Channel. 
We were not able to use the swimming pool as it was I think under maintenance.",Negative,TV,Amenities,old,Negative,
123,"Horrible Stay
Water leaking from wash basin no one repaired despite complaint. 
there is no internet in bed room area
the break fast was at room and very poor breakfast no options only foul egg as main meal that's its in breakfast
No staff can speak English very poor desk service
There are lot of noise from the road side and lot of disturbance and we could not have proper sleep
Basic necessities such as cups, water, tea bags etc not there in room",Negative,null,General,Horrible,Negative,
123,"Horrible Stay
Water leaking from wash basin no one repaired despite complaint. 
there is no internet in bed room area
the break fast was at room and very poor breakfast no options only foul egg as main meal that's its in breakfast
No staff can speak English very poor desk service
There are lot of noise from the road side and lot of disturbance and we could not have proper sleep
Basic necessities such as cups, water, tea bags etc not there in room",Negative,null,Location,noise,Negative,
123,"Horrible Stay
Water leaking from wash basin no one repaired despite complaint. 
there is no internet in bed room area
the break fast was at room and very poor breakfast no options only foul egg as main meal that's its in breakfast
No staff can speak English very poor desk service
There are lot of noise from the road side and lot of disturbance and we could not have proper sleep
Basic necessities such as cups, water, tea bags etc not there in room",Negative,basin,Engineering,null,Negative,
123,"Horrible Stay
Water leaking from wash basin no one repaired despite complaint. 
there is no internet in bed room area
the break fast was at room and very poor breakfast no options only foul egg as main meal that's its in breakfast
No staff can speak English very poor desk service
There are lot of noise from the road side and lot of disturbance and we could not have proper sleep
Basic necessities such as cups, water, tea bags etc not there in room",Negative,break fast,Amenities,null,Negative,
123,"Horrible Stay
Water leaking from wash basin no one repaired despite complaint. 
there is no internet in bed room area
the break fast was at room and very poor breakfast no options only foul egg as main meal that's its in breakfast
No staff can speak English very poor desk service
There are lot of noise from the road side and lot of disturbance and we could not have proper sleep
Basic necessities such as cups, water, tea bags etc not there in room",Negative,internet,Amenities,null,Negative,
123,"Horrible Stay
Water leaking from wash basin no one repaired despite complaint. 
there is no internet in bed room area
the break fast was at room and very poor breakfast no options only foul egg as main meal that's its in breakfast
No staff can speak English very poor desk service
There are lot of noise from the road side and lot of disturbance and we could not have proper sleep
Basic necessities such as cups, water, tea bags etc not there in room",Negative,staff,Human Resources,null,Negative,
123,"Horrible Stay
Water leaking from wash basin no one repaired despite complaint. 
there is no internet in bed room area
the break fast was at room and very poor breakfast no options only foul egg as main meal that's its in breakfast
No staff can speak English very poor desk service
There are lot of noise from the road side and lot of disturbance and we could not have proper sleep
Basic necessities such as cups, water, tea bags etc not there in room",Negative,desk service,Human Resources,poor,Negative,
123,"Horrible Stay
Water leaking from wash basin no one repaired despite complaint. 
there is no internet in bed room area
the break fast was at room and very poor breakfast no options only foul egg as main meal that's its in breakfast
No staff can speak English very poor desk service
There are lot of noise from the road side and lot of disturbance and we could not have proper sleep
Basic necessities such as cups, water, tea bags etc not there in room",Negative,breakfast,Food and beverage,poor,Negative,
123,"Horrible Stay
Water leaking from wash basin no one repaired despite complaint. 
there is no internet in bed room area
the break fast was at room and very poor breakfast no options only foul egg as main meal that's its in breakfast
No staff can speak English very poor desk service
There are lot of noise from the road side and lot of disturbance and we could not have proper sleep
Basic necessities such as cups, water, tea bags etc not there in room",Negative,null,Amenities,null,Negative,
124,The reception does'nt understand English well.,Negative,reception,Human Resources,null,Negative,
125,The WiFi is not working properly. The cloths of the bed is not soft.,Negative,bed,Amenities,not soft.,Negative,
125,The WiFi is not working properly. The cloths of the bed is not soft.,Negative,WiFi,Amenities,null,Negative,
126,The staff need to deal with English language people. They deal only with Arabic language. Also the hotel lack important Technitian to tell you how to operate the safe box. The other things are perfect. The mattresses are super and all furnitures are heavy duty thanks for the owner,Neutral,furnitures,Furniture,heavy duty,Positive,
126,The staff need to deal with English language people. They deal only with Arabic language. Also the hotel lack important Technitian to tell you how to operate the safe box. The other things are perfect. The mattresses are super and all furnitures are heavy duty thanks for the owner,Neutral,Technitian,Human Resources,lack,Negative,
126,The staff need to deal with English language people. They deal only with Arabic language. Also the hotel lack important Technitian to tell you how to operate the safe box. The other things are perfect. The mattresses are super and all furnitures are heavy duty thanks for the owner,Neutral,owner,Human Resources,null,Positive,
126,The staff need to deal with English language people. They deal only with Arabic language. Also the hotel lack important Technitian to tell you how to operate the safe box. The other things are perfect. The mattresses are super and all furnitures are heavy duty thanks for the owner,Neutral,staff,Human Resources,null,Negative,
126,The staff need to deal with English language people. They deal only with Arabic language. Also the hotel lack important Technitian to tell you how to operate the safe box. The other things are perfect. The mattresses are super and all furnitures are heavy duty thanks for the owner,Neutral,null,General,perfect,Positive,
126,The staff need to deal with English language people. They deal only with Arabic language. Also the hotel lack important Technitian to tell you how to operate the safe box. The other things are perfect. The mattresses are super and all furnitures are heavy duty thanks for the owner,Neutral,mattresses,Furniture,super,Positive,
127,The staff was very unprofessional especially the asian lads they didn’t care about the guests at all and they were very disrespectful. It would be nice if the staff could speak a little bit of English as communication was a big issue,Negative,null,Human Resources,disrespectful,Negative,
127,The staff was very unprofessional especially the asian lads they didn’t care about the guests at all and they were very disrespectful. It would be nice if the staff could speak a little bit of English as communication was a big issue,Negative,communication,Human Resources,issue,Negative,
127,The staff was very unprofessional especially the asian lads they didn’t care about the guests at all and they were very disrespectful. It would be nice if the staff could speak a little bit of English as communication was a big issue,Negative,staff,Human Resources,unprofessional,Negative,
127,The staff was very unprofessional especially the asian lads they didn’t care about the guests at all and they were very disrespectful. It would be nice if the staff could speak a little bit of English as communication was a big issue,Negative,staff,Human Resources,null,Negative,
127,The staff was very unprofessional especially the asian lads they didn’t care about the guests at all and they were very disrespectful. It would be nice if the staff could speak a little bit of English as communication was a big issue,Negative,null,Human Resources,null,Negative,
128,"there are few things but all those are not much of concern, but one thing which is of my concern is to please remove the carpet if management can not maintain cleanliness.",Negative,carpet,Housekeeping,null,Negative,
129,"There was dampness in the suite, may be because of carpets. The bedding etc every thing seemed damp. Due to the stated fact, cleanliness was compromised. Rest everything was good.",Neutral,cleanliness,Housekeeping,compromised,Negative,
129,"There was dampness in the suite, may be because of carpets. The bedding etc every thing seemed damp. Due to the stated fact, cleanliness was compromised. Rest everything was good.",Neutral,bedding,Furniture,damp,Negative,
129,"There was dampness in the suite, may be because of carpets. The bedding etc every thing seemed damp. Due to the stated fact, cleanliness was compromised. Rest everything was good.",Neutral,suite,Room,dampness,Negative,
129,"There was dampness in the suite, may be because of carpets. The bedding etc every thing seemed damp. Due to the stated fact, cleanliness was compromised. Rest everything was good.",Neutral,null,General,good,Positive,
130,"I believe maintenance of the rooms need to be improved, in my room was a water drip next to the toilet, nothing much but enough to lower my expectations. Also, shower cabin was half open, there was no door to close it hence while you shower water is splashing outside. Pool cleanliness needs to be improved, the first day was a bit dirty but following day much better. I believe needs to be cleaned on daily basis.",Neutral,null,General,better,Positive,
130,"I believe maintenance of the rooms need to be improved, in my room was a water drip next to the toilet, nothing much but enough to lower my expectations. Also, shower cabin was half open, there was no door to close it hence while you shower water is splashing outside. Pool cleanliness needs to be improved, the first day was a bit dirty but following day much better. I believe needs to be cleaned on daily basis.",Neutral,null,General,dirty,Negative,
130,"I believe maintenance of the rooms need to be improved, in my room was a water drip next to the toilet, nothing much but enough to lower my expectations. Also, shower cabin was half open, there was no door to close it hence while you shower water is splashing outside. Pool cleanliness needs to be improved, the first day was a bit dirty but following day much better. I believe needs to be cleaned on daily basis.",Neutral,maintenance,Engineering,null,Negative,
130,"I believe maintenance of the rooms need to be improved, in my room was a water drip next to the toilet, nothing much but enough to lower my expectations. Also, shower cabin was half open, there was no door to close it hence while you shower water is splashing outside. Pool cleanliness needs to be improved, the first day was a bit dirty but following day much better. I believe needs to be cleaned on daily basis.",Neutral,Pool,Amenities,null,Negative,
130,"I believe maintenance of the rooms need to be improved, in my room was a water drip next to the toilet, nothing much but enough to lower my expectations. Also, shower cabin was half open, there was no door to close it hence while you shower water is splashing outside. Pool cleanliness needs to be improved, the first day was a bit dirty but following day much better. I believe needs to be cleaned on daily basis.",Neutral,room,Room,null,Negative,
130,"I believe maintenance of the rooms need to be improved, in my room was a water drip next to the toilet, nothing much but enough to lower my expectations. Also, shower cabin was half open, there was no door to close it hence while you shower water is splashing outside. Pool cleanliness needs to be improved, the first day was a bit dirty but following day much better. I believe needs to be cleaned on daily basis.",Neutral,shower cabin,Engineering,null,Negative,
131,"the property was clean and good 
i would like to say thanks for the staff",Positive,property,General,clean and good,Positive,
131,"the property was clean and good 
i would like to say thanks for the staff",Positive,staff,Human Resources,null,Positive,
132,"The sanitation of the room wasn’t that much 
The blanket of the bed wasn’t clean 
The floor of the room wasn’t clean 
The water of shower was weak",Negative,blanket,Housekeeping,wasn’t clean,Negative,
132,"The sanitation of the room wasn’t that much 
The blanket of the bed wasn’t clean 
The floor of the room wasn’t clean 
The water of shower was weak",Negative,floor,Housekeeping,wasn’t clean,Negative,
132,"The sanitation of the room wasn’t that much 
The blanket of the bed wasn’t clean 
The floor of the room wasn’t clean 
The water of shower was weak",Negative,shower,Engineering,weak,Negative,
132,"The sanitation of the room wasn’t that much 
The blanket of the bed wasn’t clean 
The floor of the room wasn’t clean 
The water of shower was weak",Negative,room,Housekeeping,null,Negative,
133,"Clean and nice. The worker Awlad Hussain took care of my room, he did an incredible job, very nice and he know very well his job.",Positive,null,Room,Clean and nice.,Positive,
133,"Clean and nice. The worker Awlad Hussain took care of my room, he did an incredible job, very nice and he know very well his job.",Positive,worker,Human Resources,nice,Positive,
134,"The pillows were very hard. Cleanliness was not maintain. No coffee or water was kept in the room, room service had to be called for water and coffee everyone.",Negative,pillows,Furniture,hard,Negative,
134,"The pillows were very hard. Cleanliness was not maintain. No coffee or water was kept in the room, room service had to be called for water and coffee everyone.",Negative,Cleanliness,Housekeeping,not maintain,Negative,
134,"The pillows were very hard. Cleanliness was not maintain. No coffee or water was kept in the room, room service had to be called for water and coffee everyone.",Negative,coffee,Room services,null,Negative,
134,"The pillows were very hard. Cleanliness was not maintain. No coffee or water was kept in the room, room service had to be called for water and coffee everyone.",Negative,room service,Room services,null,Negative,
134,"The pillows were very hard. Cleanliness was not maintain. No coffee or water was kept in the room, room service had to be called for water and coffee everyone.",Negative,water,Room services,null,Negative,
135,"very poor cleaning in room, Linen was not changed even on check in. We found bed sheets and quilts wrinkled and human hair sticking with them. House Keeping staff did not bother to clean room ( ideally it should be cleaned every day in costly hotels ). We have had to ask few times only then they did clean once in 4 day period. Room was very small. Elevators were small and very slow. We have had to use fire stairs to go down many a times.",Negative,room,Housekeeping,poor cleaning,Negative,
135,"very poor cleaning in room, Linen was not changed even on check in. We found bed sheets and quilts wrinkled and human hair sticking with them. House Keeping staff did not bother to clean room ( ideally it should be cleaned every day in costly hotels ). We have had to ask few times only then they did clean once in 4 day period. Room was very small. Elevators were small and very slow. We have had to use fire stairs to go down many a times.",Negative,Room,Room,small,Negative,
135,"very poor cleaning in room, Linen was not changed even on check in. We found bed sheets and quilts wrinkled and human hair sticking with them. House Keeping staff did not bother to clean room ( ideally it should be cleaned every day in costly hotels ). We have had to ask few times only then they did clean once in 4 day period. Room was very small. Elevators were small and very slow. We have had to use fire stairs to go down many a times.",Negative,Elevators,Amenities,small and very slow,Negative,
135,"very poor cleaning in room, Linen was not changed even on check in. We found bed sheets and quilts wrinkled and human hair sticking with them. House Keeping staff did not bother to clean room ( ideally it should be cleaned every day in costly hotels ). We have had to ask few times only then they did clean once in 4 day period. Room was very small. Elevators were small and very slow. We have had to use fire stairs to go down many a times.",Negative,House Keeping staff,Human Resources,null,Negative,
135,"very poor cleaning in room, Linen was not changed even on check in. We found bed sheets and quilts wrinkled and human hair sticking with them. House Keeping staff did not bother to clean room ( ideally it should be cleaned every day in costly hotels ). We have had to ask few times only then they did clean once in 4 day period. Room was very small. Elevators were small and very slow. We have had to use fire stairs to go down many a times.",Negative,Linen,Furniture,null,Negative,
135,"very poor cleaning in room, Linen was not changed even on check in. We found bed sheets and quilts wrinkled and human hair sticking with them. House Keeping staff did not bother to clean room ( ideally it should be cleaned every day in costly hotels ). We have had to ask few times only then they did clean once in 4 day period. Room was very small. Elevators were small and very slow. We have had to use fire stairs to go down many a times.",Negative,bed sheets,Furniture,null,Negative,
135,"very poor cleaning in room, Linen was not changed even on check in. We found bed sheets and quilts wrinkled and human hair sticking with them. House Keeping staff did not bother to clean room ( ideally it should be cleaned every day in costly hotels ). We have had to ask few times only then they did clean once in 4 day period. Room was very small. Elevators were small and very slow. We have had to use fire stairs to go down many a times.",Negative,quilts,Furniture,null,Negative,
136,It was a great stay at Radisson Hotel. It's a bit expensive. We paid 400 SR for one room. The hotel is old but very clean and nice. Thank you Ms.Ansam for the professionalism that you showed during the reservation.l'll come back for sure.,Neutral,null,General,clean and nice,Positive,
136,It was a great stay at Radisson Hotel. It's a bit expensive. We paid 400 SR for one room. The hotel is old but very clean and nice. Thank you Ms.Ansam for the professionalism that you showed during the reservation.l'll come back for sure.,Neutral,null,Value,expensive,Negative,
136,It was a great stay at Radisson Hotel. It's a bit expensive. We paid 400 SR for one room. The hotel is old but very clean and nice. Thank you Ms.Ansam for the professionalism that you showed during the reservation.l'll come back for sure.,Neutral,stay,General,great,Positive,
136,It was a great stay at Radisson Hotel. It's a bit expensive. We paid 400 SR for one room. The hotel is old but very clean and nice. Thank you Ms.Ansam for the professionalism that you showed during the reservation.l'll come back for sure.,Neutral,hotel,General,old,Negative,
136,It was a great stay at Radisson Hotel. It's a bit expensive. We paid 400 SR for one room. The hotel is old but very clean and nice. Thank you Ms.Ansam for the professionalism that you showed during the reservation.l'll come back for sure.,Neutral,null,Human Resources,professionalism,Positive,
137,"Clean, neat and well managed hotel. Inhouse restaurant that serve variety of food options at reasonable price. Excellent stay and amazing staff.",Positive,staff,Human Resources,amazing,Positive,
137,"Clean, neat and well managed hotel. Inhouse restaurant that serve variety of food options at reasonable price. Excellent stay and amazing staff.",Positive,hotel,General,Clean,Positive,
137,"Clean, neat and well managed hotel. Inhouse restaurant that serve variety of food options at reasonable price. Excellent stay and amazing staff.",Positive,stay,General,Excellent,Positive,
137,"Clean, neat and well managed hotel. Inhouse restaurant that serve variety of food options at reasonable price. Excellent stay and amazing staff.",Positive,hotel,General,neat,Positive,
137,"Clean, neat and well managed hotel. Inhouse restaurant that serve variety of food options at reasonable price. Excellent stay and amazing staff.",Positive,restaurant,Value,reasonable price,Positive,
137,"Clean, neat and well managed hotel. Inhouse restaurant that serve variety of food options at reasonable price. Excellent stay and amazing staff.",Positive,restaurant,Food and beverage,variety of food,Positive,
137,"Clean, neat and well managed hotel. Inhouse restaurant that serve variety of food options at reasonable price. Excellent stay and amazing staff.",Positive,hotel,General,well managed,Positive,
138,"Very expensive even more than 5 stars which raised my expectations. The studio was well organised but the facilities inside were not functioning properly like the fridge door was not closable, the water pressure in bathroom is weak, the floor is not set so as to take the shower water to sewage so after shower the floor is full of water . One slipper provided although the booking was for three. The room was not cleaned although I turned on the clean up sign. Breakfast was very very basic. For a SAR 800 per night you would expect more ans better for sure.",Neutral,studio,Room,well organised,Positive,
138,"Very expensive even more than 5 stars which raised my expectations. The studio was well organised but the facilities inside were not functioning properly like the fridge door was not closable, the water pressure in bathroom is weak, the floor is not set so as to take the shower water to sewage so after shower the floor is full of water . One slipper provided although the booking was for three. The room was not cleaned although I turned on the clean up sign. Breakfast was very very basic. For a SAR 800 per night you would expect more ans better for sure.",Neutral,Breakfast,Food and beverage,basic,Negative,
138,"Very expensive even more than 5 stars which raised my expectations. The studio was well organised but the facilities inside were not functioning properly like the fridge door was not closable, the water pressure in bathroom is weak, the floor is not set so as to take the shower water to sewage so after shower the floor is full of water . One slipper provided although the booking was for three. The room was not cleaned although I turned on the clean up sign. Breakfast was very very basic. For a SAR 800 per night you would expect more ans better for sure.",Neutral,null,Value,expect more,Negative,
138,"Very expensive even more than 5 stars which raised my expectations. The studio was well organised but the facilities inside were not functioning properly like the fridge door was not closable, the water pressure in bathroom is weak, the floor is not set so as to take the shower water to sewage so after shower the floor is full of water . One slipper provided although the booking was for three. The room was not cleaned although I turned on the clean up sign. Breakfast was very very basic. For a SAR 800 per night you would expect more ans better for sure.",Neutral,null,Value,expensive,Negative,
138,"Very expensive even more than 5 stars which raised my expectations. The studio was well organised but the facilities inside were not functioning properly like the fridge door was not closable, the water pressure in bathroom is weak, the floor is not set so as to take the shower water to sewage so after shower the floor is full of water . One slipper provided although the booking was for three. The room was not cleaned although I turned on the clean up sign. Breakfast was very very basic. For a SAR 800 per night you would expect more ans better for sure.",Neutral,room,Room,not cleaned,Negative,
138,"Very expensive even more than 5 stars which raised my expectations. The studio was well organised but the facilities inside were not functioning properly like the fridge door was not closable, the water pressure in bathroom is weak, the floor is not set so as to take the shower water to sewage so after shower the floor is full of water . One slipper provided although the booking was for three. The room was not cleaned although I turned on the clean up sign. Breakfast was very very basic. For a SAR 800 per night you would expect more ans better for sure.",Neutral,fridge door,Furniture,not closable,Negative,
138,"Very expensive even more than 5 stars which raised my expectations. The studio was well organised but the facilities inside were not functioning properly like the fridge door was not closable, the water pressure in bathroom is weak, the floor is not set so as to take the shower water to sewage so after shower the floor is full of water . One slipper provided although the booking was for three. The room was not cleaned although I turned on the clean up sign. Breakfast was very very basic. For a SAR 800 per night you would expect more ans better for sure.",Neutral,facilities,Amenities,not functioning,Negative,
138,"Very expensive even more than 5 stars which raised my expectations. The studio was well organised but the facilities inside were not functioning properly like the fridge door was not closable, the water pressure in bathroom is weak, the floor is not set so as to take the shower water to sewage so after shower the floor is full of water . One slipper provided although the booking was for three. The room was not cleaned although I turned on the clean up sign. Breakfast was very very basic. For a SAR 800 per night you would expect more ans better for sure.",Neutral,floor,Engineering,null,Negative,
139,"Hotel is new and good. Room is clean. Staff are friendly. 
Good location in Madina Road. Free parking from P1 to P3 in the same building.
Shops and restaruants nea by about 300 meters.",Positive,parking,Amenities,Free,Positive,
139,"Hotel is new and good. Room is clean. Staff are friendly. 
Good location in Madina Road. Free parking from P1 to P3 in the same building.
Shops and restaruants nea by about 300 meters.",Positive,Staff,Human Resources,friendly,Positive,
139,"Hotel is new and good. Room is clean. Staff are friendly. 
Good location in Madina Road. Free parking from P1 to P3 in the same building.
Shops and restaruants nea by about 300 meters.",Positive,location,Lounge,Good,Positive,
139,"Hotel is new and good. Room is clean. Staff are friendly. 
Good location in Madina Road. Free parking from P1 to P3 in the same building.
Shops and restaruants nea by about 300 meters.",Positive,Hotel,General,new and good,Positive,
139,"Hotel is new and good. Room is clean. Staff are friendly. 
Good location in Madina Road. Free parking from P1 to P3 in the same building.
Shops and restaruants nea by about 300 meters.",Positive,null,Lounge,null,Positive,
140,"No answer on the phone when trying to get a hold of room service and housekeeping. Not that clean. 
The beds are not comfortable and the room is very hot and couldn’t fix the temperature on the AC.",Negative,room,Room,hot,Negative,
140,"No answer on the phone when trying to get a hold of room service and housekeeping. Not that clean. 
The beds are not comfortable and the room is very hot and couldn’t fix the temperature on the AC.",Negative,beds,Furniture,not comfortable,Negative,
140,"No answer on the phone when trying to get a hold of room service and housekeeping. Not that clean. 
The beds are not comfortable and the room is very hot and couldn’t fix the temperature on the AC.",Negative,null,Housekeeping,Not that clean,Negative,
140,"No answer on the phone when trying to get a hold of room service and housekeeping. Not that clean. 
The beds are not comfortable and the room is very hot and couldn’t fix the temperature on the AC.",Negative,housekeeping,Housekeeping,null,Negative,
140,"No answer on the phone when trying to get a hold of room service and housekeeping. Not that clean. 
The beds are not comfortable and the room is very hot and couldn’t fix the temperature on the AC.",Negative,room service,Room services,null,Negative,
140,"No answer on the phone when trying to get a hold of room service and housekeeping. Not that clean. 
The beds are not comfortable and the room is very hot and couldn’t fix the temperature on the AC.",Negative,AC,Engineering,null,Negative,
141,"The hotel is clean and the rooms are big enough in size. 10 Mins walk from Alhamra Corniche and nearby to Laundry services and Grocery stores. Hosts a buffet breakfast at the top floor.
However if you want to stay near the Jeddah Corniche center then should look for places further up north. Al hamra is a quieter south side of the Jeddah Corniche, though well connected through Ubers and taxis.",Positive,rooms,Room,big,Positive,
141,"The hotel is clean and the rooms are big enough in size. 10 Mins walk from Alhamra Corniche and nearby to Laundry services and Grocery stores. Hosts a buffet breakfast at the top floor.
However if you want to stay near the Jeddah Corniche center then should look for places further up north. Al hamra is a quieter south side of the Jeddah Corniche, though well connected through Ubers and taxis.",Positive,hotel,Housekeeping,clean,Positive,
141,"The hotel is clean and the rooms are big enough in size. 10 Mins walk from Alhamra Corniche and nearby to Laundry services and Grocery stores. Hosts a buffet breakfast at the top floor.
However if you want to stay near the Jeddah Corniche center then should look for places further up north. Al hamra is a quieter south side of the Jeddah Corniche, though well connected through Ubers and taxis.",Positive,breakfast,General,null,Positive,
141,"The hotel is clean and the rooms are big enough in size. 10 Mins walk from Alhamra Corniche and nearby to Laundry services and Grocery stores. Hosts a buffet breakfast at the top floor.
However if you want to stay near the Jeddah Corniche center then should look for places further up north. Al hamra is a quieter south side of the Jeddah Corniche, though well connected through Ubers and taxis.",Positive,null,Location,null,Positive,
142,I like to stay there very neat and clean .comfortble mattress and pillows . Electric cattle shampoo shower gel teeth care all avaible and service able.,Positive,null,Amenities,avaible,Positive,
142,I like to stay there very neat and clean .comfortble mattress and pillows . Electric cattle shampoo shower gel teeth care all avaible and service able.,Positive,stay,General,like,Positive,
142,I like to stay there very neat and clean .comfortble mattress and pillows . Electric cattle shampoo shower gel teeth care all avaible and service able.,Positive,mattress and pillows,Furniture,mattress and pillows,Positive,
142,I like to stay there very neat and clean .comfortble mattress and pillows . Electric cattle shampoo shower gel teeth care all avaible and service able.,Positive,null,Housekeeping,neat and clean,Positive,
143,"The hotel itself is rather disappointing, for that much money anywhere in the Kingdom you can get much-much better accomodation. The rooms are smelly, dirty, there wwere clear sings that there have not been any kind of cleaning under the beds ofr ages. Do not opt for a breakfast - the hotel does not have a restaurant on its own. they offer the services of the nearby Banglai restaurant, but the hotel charges 25sar for the breakfast, that costs 4 sar in teh restaurant.",Negative,rooms,Housekeeping,"smelly, dirty",Negative,
143,"The hotel itself is rather disappointing, for that much money anywhere in the Kingdom you can get much-much better accomodation. The rooms are smelly, dirty, there wwere clear sings that there have not been any kind of cleaning under the beds ofr ages. Do not opt for a breakfast - the hotel does not have a restaurant on its own. they offer the services of the nearby Banglai restaurant, but the hotel charges 25sar for the breakfast, that costs 4 sar in teh restaurant.",Negative,hotel,General,disappointing,Negative,
143,"The hotel itself is rather disappointing, for that much money anywhere in the Kingdom you can get much-much better accomodation. The rooms are smelly, dirty, there wwere clear sings that there have not been any kind of cleaning under the beds ofr ages. Do not opt for a breakfast - the hotel does not have a restaurant on its own. they offer the services of the nearby Banglai restaurant, but the hotel charges 25sar for the breakfast, that costs 4 sar in teh restaurant.",Negative,breakfast,Amenities,null,Negative,
143,"The hotel itself is rather disappointing, for that much money anywhere in the Kingdom you can get much-much better accomodation. The rooms are smelly, dirty, there wwere clear sings that there have not been any kind of cleaning under the beds ofr ages. Do not opt for a breakfast - the hotel does not have a restaurant on its own. they offer the services of the nearby Banglai restaurant, but the hotel charges 25sar for the breakfast, that costs 4 sar in teh restaurant.",Negative,null,Value,null,Negative,
144,"Lack of toiletries.
1 towel for 4 people. 
The window curtains were not dark, there was light in the room at 5:30 in the morning even with the curtains.",Negative,toiletries,Amenities,Lack,Negative,
144,"Lack of toiletries.
1 towel for 4 people. 
The window curtains were not dark, there was light in the room at 5:30 in the morning even with the curtains.",Negative,curtains,Front office,null,Negative,
145,Reasonable breakfast. Good size of room. Nice facilities and I appreciated the blackout curtains. Location is very close to Falastin street with tons of restaurants and also a 10 min walk to the Corniche.,Positive,room,Room,Good size,Positive,
145,Reasonable breakfast. Good size of room. Nice facilities and I appreciated the blackout curtains. Location is very close to Falastin street with tons of restaurants and also a 10 min walk to the Corniche.,Positive,curtains,Furniture,appreciated,Positive,
145,Reasonable breakfast. Good size of room. Nice facilities and I appreciated the blackout curtains. Location is very close to Falastin street with tons of restaurants and also a 10 min walk to the Corniche.,Positive,Location,Location,close to,Positive,
145,Reasonable breakfast. Good size of room. Nice facilities and I appreciated the blackout curtains. Location is very close to Falastin street with tons of restaurants and also a 10 min walk to the Corniche.,Positive,facilities,Amenities,Nice,Positive,
145,Reasonable breakfast. Good size of room. Nice facilities and I appreciated the blackout curtains. Location is very close to Falastin street with tons of restaurants and also a 10 min walk to the Corniche.,Positive,breakfast,Food and beverage,Reasonable,Positive,
146,"1- Poor quality of WIFI in the room.
2- Bathrooms were big but there was no toiletries , not properly cleaned and there was smell.
3- Since hotel is located on main road so room was very noisy , windows and curtains were damaged.
4- For short stay its good choice specially if you are coming from Riyadh to Makkah for Umrah. 
5- Not recommend for long stay specially with family.",Neutral,Bathrooms,General,big,Positive,
146,"1- Poor quality of WIFI in the room.
2- Bathrooms were big but there was no toiletries , not properly cleaned and there was smell.
3- Since hotel is located on main road so room was very noisy , windows and curtains were damaged.
4- For short stay its good choice specially if you are coming from Riyadh to Makkah for Umrah. 
5- Not recommend for long stay specially with family.",Neutral,curtains,Furniture,damaged,Negative,
146,"1- Poor quality of WIFI in the room.
2- Bathrooms were big but there was no toiletries , not properly cleaned and there was smell.
3- Since hotel is located on main road so room was very noisy , windows and curtains were damaged.
4- For short stay its good choice specially if you are coming from Riyadh to Makkah for Umrah. 
5- Not recommend for long stay specially with family.",Neutral,windows,Furniture,damaged,Negative,
146,"1- Poor quality of WIFI in the room.
2- Bathrooms were big but there was no toiletries , not properly cleaned and there was smell.
3- Since hotel is located on main road so room was very noisy , windows and curtains were damaged.
4- For short stay its good choice specially if you are coming from Riyadh to Makkah for Umrah. 
5- Not recommend for long stay specially with family.",Neutral,null,General,good,Positive,
146,"1- Poor quality of WIFI in the room.
2- Bathrooms were big but there was no toiletries , not properly cleaned and there was smell.
3- Since hotel is located on main road so room was very noisy , windows and curtains were damaged.
4- For short stay its good choice specially if you are coming from Riyadh to Makkah for Umrah. 
5- Not recommend for long stay specially with family.",Neutral,located,Location,noisy,Negative,
146,"1- Poor quality of WIFI in the room.
2- Bathrooms were big but there was no toiletries , not properly cleaned and there was smell.
3- Since hotel is located on main road so room was very noisy , windows and curtains were damaged.
4- For short stay its good choice specially if you are coming from Riyadh to Makkah for Umrah. 
5- Not recommend for long stay specially with family.",Neutral,Bathrooms,Housekeeping,null,Negative,
146,"1- Poor quality of WIFI in the room.
2- Bathrooms were big but there was no toiletries , not properly cleaned and there was smell.
3- Since hotel is located on main road so room was very noisy , windows and curtains were damaged.
4- For short stay its good choice specially if you are coming from Riyadh to Makkah for Umrah. 
5- Not recommend for long stay specially with family.",Neutral,toiletries,Amenities,null,Negative,
146,"1- Poor quality of WIFI in the room.
2- Bathrooms were big but there was no toiletries , not properly cleaned and there was smell.
3- Since hotel is located on main road so room was very noisy , windows and curtains were damaged.
4- For short stay its good choice specially if you are coming from Riyadh to Makkah for Umrah. 
5- Not recommend for long stay specially with family.",Neutral,null,General,null,Negative,
146,"1- Poor quality of WIFI in the room.
2- Bathrooms were big but there was no toiletries , not properly cleaned and there was smell.
3- Since hotel is located on main road so room was very noisy , windows and curtains were damaged.
4- For short stay its good choice specially if you are coming from Riyadh to Makkah for Umrah. 
5- Not recommend for long stay specially with family.",Neutral,WIFI,Amenities,Poor,Negative,
147,The WiFi is not working properly. The cloths of the bed is not soft.,Negative,WiFi,Amenities,null,Negative,125
148,"Superb technology used in bedroom , toch pad shower, all things in your room you can control thru Smart LED and its remote like light on/off, curtains , AC. You can set alarm as well on LED which will remind/wake you up through telephone bell ring, one phone set is available in washroom as well, to wash feet , there is seperate tap.",Positive,phone,Amenities,available,Positive,
148,"Superb technology used in bedroom , toch pad shower, all things in your room you can control thru Smart LED and its remote like light on/off, curtains , AC. You can set alarm as well on LED which will remind/wake you up through telephone bell ring, one phone set is available in washroom as well, to wash feet , there is seperate tap.",Positive,technology,Amenities,Superb,Positive,
149,"Very nice room, so clean and comfortable and very quite and good black out curtains.",Positive,room,Room,"nice room, so clean and comfortable",Positive,
149,"Very nice room, so clean and comfortable and very quite and good black out curtains.",Positive,curtains,Furniture,good,Positive,
150,"Parking only for 5 cars and in the underground parking very small for 4 cars and you will be lucky if you doesnt hit the walls.
Most of visitors parking in the garden parking if you lucky and find one.
Room service very bad I didnt find towles in the room when I checkin and pay the money.
Theybring them after more than 8 hours and were two smelly towles for a family of 5.
When you ask for shampoo or shower gell they bring 1 or 2 only.
I asked for room service after 2 days stay and they apologize that room service will be after 5 hours.
Carpet was unclean and curtains need to be fixed.
The price does not match the value of the stay.
You pay in advance and you cannot refund and you have to face these problems.",Negative,Room service,Room services,bad,Negative,
150,"Parking only for 5 cars and in the underground parking very small for 4 cars and you will be lucky if you doesnt hit the walls.
Most of visitors parking in the garden parking if you lucky and find one.
Room service very bad I didnt find towles in the room when I checkin and pay the money.
Theybring them after more than 8 hours and were two smelly towles for a family of 5.
When you ask for shampoo or shower gell they bring 1 or 2 only.
I asked for room service after 2 days stay and they apologize that room service will be after 5 hours.
Carpet was unclean and curtains need to be fixed.
The price does not match the value of the stay.
You pay in advance and you cannot refund and you have to face these problems.",Negative,price,Value,null,Negative,
150,"Parking only for 5 cars and in the underground parking very small for 4 cars and you will be lucky if you doesnt hit the walls.
Most of visitors parking in the garden parking if you lucky and find one.
Room service very bad I didnt find towles in the room when I checkin and pay the money.
Theybring them after more than 8 hours and were two smelly towles for a family of 5.
When you ask for shampoo or shower gell they bring 1 or 2 only.
I asked for room service after 2 days stay and they apologize that room service will be after 5 hours.
Carpet was unclean and curtains need to be fixed.
The price does not match the value of the stay.
You pay in advance and you cannot refund and you have to face these problems.",Negative,towles,Amenities,null,Negative,
150,"Parking only for 5 cars and in the underground parking very small for 4 cars and you will be lucky if you doesnt hit the walls.
Most of visitors parking in the garden parking if you lucky and find one.
Room service very bad I didnt find towles in the room when I checkin and pay the money.
Theybring them after more than 8 hours and were two smelly towles for a family of 5.
When you ask for shampoo or shower gell they bring 1 or 2 only.
I asked for room service after 2 days stay and they apologize that room service will be after 5 hours.
Carpet was unclean and curtains need to be fixed.
The price does not match the value of the stay.
You pay in advance and you cannot refund and you have to face these problems.",Negative,curtains,Engineering,null,Negative,
150,"Parking only for 5 cars and in the underground parking very small for 4 cars and you will be lucky if you doesnt hit the walls.
Most of visitors parking in the garden parking if you lucky and find one.
Room service very bad I didnt find towles in the room when I checkin and pay the money.
Theybring them after more than 8 hours and were two smelly towles for a family of 5.
When you ask for shampoo or shower gell they bring 1 or 2 only.
I asked for room service after 2 days stay and they apologize that room service will be after 5 hours.
Carpet was unclean and curtains need to be fixed.
The price does not match the value of the stay.
You pay in advance and you cannot refund and you have to face these problems.",Negative,Parking,Amenities,small,Negative,
150,"Parking only for 5 cars and in the underground parking very small for 4 cars and you will be lucky if you doesnt hit the walls.
Most of visitors parking in the garden parking if you lucky and find one.
Room service very bad I didnt find towles in the room when I checkin and pay the money.
Theybring them after more than 8 hours and were two smelly towles for a family of 5.
When you ask for shampoo or shower gell they bring 1 or 2 only.
I asked for room service after 2 days stay and they apologize that room service will be after 5 hours.
Carpet was unclean and curtains need to be fixed.
The price does not match the value of the stay.
You pay in advance and you cannot refund and you have to face these problems.",Negative,towles,Housekeeping,smelly,Negative,
150,"Parking only for 5 cars and in the underground parking very small for 4 cars and you will be lucky if you doesnt hit the walls.
Most of visitors parking in the garden parking if you lucky and find one.
Room service very bad I didnt find towles in the room when I checkin and pay the money.
Theybring them after more than 8 hours and were two smelly towles for a family of 5.
When you ask for shampoo or shower gell they bring 1 or 2 only.
I asked for room service after 2 days stay and they apologize that room service will be after 5 hours.
Carpet was unclean and curtains need to be fixed.
The price does not match the value of the stay.
You pay in advance and you cannot refund and you have to face these problems.",Negative,Carpet,Housekeeping,unclean,Negative,
151,cleanness not good. No Bidet in toilet MADE ME VERY SAD . .no towels . no tissues . no black out curtains .no room service.bad response for telephone from the room.,Negative,telephone,Furniture,bad,Negative,
151,cleanness not good. No Bidet in toilet MADE ME VERY SAD . .no towels . no tissues . no black out curtains .no room service.bad response for telephone from the room.,Negative,Bidet,Furniture,null,Negative,
151,cleanness not good. No Bidet in toilet MADE ME VERY SAD . .no towels . no tissues . no black out curtains .no room service.bad response for telephone from the room.,Negative,black out curtains,Furniture,null,Negative,
151,cleanness not good. No Bidet in toilet MADE ME VERY SAD . .no towels . no tissues . no black out curtains .no room service.bad response for telephone from the room.,Negative,cleanness,Housekeeping,null,Negative,
151,cleanness not good. No Bidet in toilet MADE ME VERY SAD . .no towels . no tissues . no black out curtains .no room service.bad response for telephone from the room.,Negative,room service,Room services,null,Negative,
151,cleanness not good. No Bidet in toilet MADE ME VERY SAD . .no towels . no tissues . no black out curtains .no room service.bad response for telephone from the room.,Negative,tissues,Housekeeping,null,Negative,
151,cleanness not good. No Bidet in toilet MADE ME VERY SAD . .no towels . no tissues . no black out curtains .no room service.bad response for telephone from the room.,Negative,towels,Room services,null,Negative,
152,"Location, soundproofing and the blackout curtains which blocks the ouside lights.",Positive,blackout curtains,Furniture,null,Positive,
152,"Location, soundproofing and the blackout curtains which blocks the ouside lights.",Positive,Location,Location,null,Positive,
152,"Location, soundproofing and the blackout curtains which blocks the ouside lights.",Positive,soundproofing,General,null,Positive,
153,"Dinner, not much variety. Taste is average.",Negative,Taste,Food and beverage,average,Neutral,
153,"Dinner, not much variety. Taste is average.",Negative,Dinner,Food and beverage,null,Negative,
154,They gave us a free upgrade and the room was really great. We also had buffet dinner as a surprise and the dinner was exceptional. The hotel is really old but they have maintained it perfectly. Mashjid Al Nabawi is really near. Staffs of this hotel are the best. They were always there to serve us.,Positive,Staffs,Human Resources,best,Positive,
154,They gave us a free upgrade and the room was really great. We also had buffet dinner as a surprise and the dinner was exceptional. The hotel is really old but they have maintained it perfectly. Mashjid Al Nabawi is really near. Staffs of this hotel are the best. They were always there to serve us.,Positive,dinner,Food and beverage,exceptional,Positive,
154,They gave us a free upgrade and the room was really great. We also had buffet dinner as a surprise and the dinner was exceptional. The hotel is really old but they have maintained it perfectly. Mashjid Al Nabawi is really near. Staffs of this hotel are the best. They were always there to serve us.,Positive,upgrade,Value,Free,Positive,
154,They gave us a free upgrade and the room was really great. We also had buffet dinner as a surprise and the dinner was exceptional. The hotel is really old but they have maintained it perfectly. Mashjid Al Nabawi is really near. Staffs of this hotel are the best. They were always there to serve us.,Positive,room,Room,great,Positive,
154,They gave us a free upgrade and the room was really great. We also had buffet dinner as a surprise and the dinner was exceptional. The hotel is really old but they have maintained it perfectly. Mashjid Al Nabawi is really near. Staffs of this hotel are the best. They were always there to serve us.,Positive,null,General,maintained,Positive,
154,They gave us a free upgrade and the room was really great. We also had buffet dinner as a surprise and the dinner was exceptional. The hotel is really old but they have maintained it perfectly. Mashjid Al Nabawi is really near. Staffs of this hotel are the best. They were always there to serve us.,Positive,null,Location,near,Positive,
154,They gave us a free upgrade and the room was really great. We also had buffet dinner as a surprise and the dinner was exceptional. The hotel is really old but they have maintained it perfectly. Mashjid Al Nabawi is really near. Staffs of this hotel are the best. They were always there to serve us.,Positive,null,Human Resources,null,Positive,
154,They gave us a free upgrade and the room was really great. We also had buffet dinner as a surprise and the dinner was exceptional. The hotel is really old but they have maintained it perfectly. Mashjid Al Nabawi is really near. Staffs of this hotel are the best. They were always there to serve us.,Positive,dinner,Food and beverage,null,Positive,
154,They gave us a free upgrade and the room was really great. We also had buffet dinner as a surprise and the dinner was exceptional. The hotel is really old but they have maintained it perfectly. Mashjid Al Nabawi is really near. Staffs of this hotel are the best. They were always there to serve us.,Positive,hotel,General,old,Negative,
155,"The quality and the variety of the food need to be improved
I had Breakfast, lunch and dinner there, and all were the same level",Negative,food,Food and beverage,null,Negative,
156,"There are basics that may ruin the whole experience, although they are small. Below are few examples
1. Some of the furniture looks dirty (e.g. tables). I contacted the management and housekeeping and they claim that due to the “sun and heat” they look dirty as the color has faded and there is nothing they can do about it. You would expect a 5 stars to be able to simply purchase better furniture. 
2. I have requested a “newly wed package” that includes dinner and room decorations (flowers, cake, etc) and they were not present during the agreed time which ruined the whole experience. After about 5,000 calls to management they apologized and offered free lunch. 
My experience was not at all pleasant, and I suggest you visit other five stars hotels if you want a more luxurious experience and get your money worth",Negative,furniture,Furniture,dirty,Negative,91
156,"There are basics that may ruin the whole experience, although they are small. Below are few examples
1. Some of the furniture looks dirty (e.g. tables). I contacted the management and housekeeping and they claim that due to the “sun and heat” they look dirty as the color has faded and there is nothing they can do about it. You would expect a 5 stars to be able to simply purchase better furniture. 
2. I have requested a “newly wed package” that includes dinner and room decorations (flowers, cake, etc) and they were not present during the agreed time which ruined the whole experience. After about 5,000 calls to management they apologized and offered free lunch. 
My experience was not at all pleasant, and I suggest you visit other five stars hotels if you want a more luxurious experience and get your money worth",Negative,experience,General,null,Negative,91
156,"There are basics that may ruin the whole experience, although they are small. Below are few examples
1. Some of the furniture looks dirty (e.g. tables). I contacted the management and housekeeping and they claim that due to the “sun and heat” they look dirty as the color has faded and there is nothing they can do about it. You would expect a 5 stars to be able to simply purchase better furniture. 
2. I have requested a “newly wed package” that includes dinner and room decorations (flowers, cake, etc) and they were not present during the agreed time which ruined the whole experience. After about 5,000 calls to management they apologized and offered free lunch. 
My experience was not at all pleasant, and I suggest you visit other five stars hotels if you want a more luxurious experience and get your money worth",Negative,null,General,null,Negative,91
157,The location is excellent. The breakfast and dinner was great.,Positive,location,Location,excellent,Positive,115
157,The location is excellent. The breakfast and dinner was great.,Positive,breakfast and dinner,Food and beverage,great,Positive,115
158,Huge amounts and choice of food for buffet breakfast and dinners.,Positive,food for buffet breakfast and dinners,Food and beverage,Huge amounts and choice,Positive,
159,"I booked a room with breakfast included which was a big mistake. I told the reception and the duty manager That it will not be possible for me to do breakfast tomorrow as I would be checking out tonight at 11pm as had a flights from Jeddah.
I requested that the breakfast be changed to dinner and I happy to pay Extra. I was told it would not be possible and I would not be refunded for it either which was very disappointing and poor customer care.",Negative,null,General,null,Negative,
160,"Location is good. Room decoration is good.
Fast elevators.",Positive,elevators,Amenities,Fast,Positive,
160,"Location is good. Room decoration is good.
Fast elevators.",Positive,decoration,Furniture,good,Positive,
160,"Location is good. Room decoration is good.
Fast elevators.",Positive,Location,Location,good,Positive,
161,"I was thinking the hotel would be more beautiful than what we got .. 
We had our dinner in the restaurant and was very expensive because the food we eat wasn’t ok according to the money that we paid for..therefore; we did not order our breakfast in the hotel..",Negative,dinner,Value,expensive,Negative,
161,"I was thinking the hotel would be more beautiful than what we got .. 
We had our dinner in the restaurant and was very expensive because the food we eat wasn’t ok according to the money that we paid for..therefore; we did not order our breakfast in the hotel..",Negative,food,Value,null,Negative,
161,"I was thinking the hotel would be more beautiful than what we got .. 
We had our dinner in the restaurant and was very expensive because the food we eat wasn’t ok according to the money that we paid for..therefore; we did not order our breakfast in the hotel..",Negative,hotel,General,null,Negative,
162,"Place is great where you can enjoy a close by walk along the corniche of jeddah with fountain view, part of intercontenintal building, so great clean room and in room dinner was perfect.",Positive,room,Housekeeping,clean,Positive,
162,"Place is great where you can enjoy a close by walk along the corniche of jeddah with fountain view, part of intercontenintal building, so great clean room and in room dinner was perfect.",Positive,Place,General,great,Positive,
162,"Place is great where you can enjoy a close by walk along the corniche of jeddah with fountain view, part of intercontenintal building, so great clean room and in room dinner was perfect.",Positive,null,Location,null,Positive,
162,"Place is great where you can enjoy a close by walk along the corniche of jeddah with fountain view, part of intercontenintal building, so great clean room and in room dinner was perfect.",Positive,dinner,Food and beverage,perfect,Positive,
163,"I think the best hotel you can find in this small city. Lavish breakfast and dinner. A special shout out to their Manager - Mr. Badr, who goes that extra mile to help guests. Would definitely stay again.",Positive,hotel,General,best,Positive,
163,"I think the best hotel you can find in this small city. Lavish breakfast and dinner. A special shout out to their Manager - Mr. Badr, who goes that extra mile to help guests. Would definitely stay again.",Positive,breakfast and dinner,Food and beverage,Lavish,Positive,
163,"I think the best hotel you can find in this small city. Lavish breakfast and dinner. A special shout out to their Manager - Mr. Badr, who goes that extra mile to help guests. Would definitely stay again.",Positive,Manager,Human Resources,null,Positive,
164,"Food at dinner was not hot enough. Moderate place. Be it open buffet, you still have to pay if you request a cold drink",Negative,place,General,Moderate,Negative,
164,"Food at dinner was not hot enough. Moderate place. Be it open buffet, you still have to pay if you request a cold drink",Negative,buffet,Value,null,Negative,
164,"Food at dinner was not hot enough. Moderate place. Be it open buffet, you still have to pay if you request a cold drink",Negative,Food,Food and beverage,null,Negative,
165,Old battered property to the point of sockets and appliences falling off when touched. Electric sockets in weird places and most not working.Poor communication with reception and housekeeping. Awful experience in main restaurant both for breakfast and dinner ; food is not fresh- no nealthy choices- staff have zero info about food ( they go by guessing answers) food quality is below average if not horrible.Needless to say it is expensive at 190+ per person for dinner and 150+ for breakfast !!! I,Negative,restaurant,Food and beverage,Awful experience,Negative,
165,Old battered property to the point of sockets and appliences falling off when touched. Electric sockets in weird places and most not working.Poor communication with reception and housekeeping. Awful experience in main restaurant both for breakfast and dinner ; food is not fresh- no nealthy choices- staff have zero info about food ( they go by guessing answers) food quality is below average if not horrible.Needless to say it is expensive at 190+ per person for dinner and 150+ for breakfast !!! I,Negative,food quality,Food and beverage,below average,Negative,
165,Old battered property to the point of sockets and appliences falling off when touched. Electric sockets in weird places and most not working.Poor communication with reception and housekeeping. Awful experience in main restaurant both for breakfast and dinner ; food is not fresh- no nealthy choices- staff have zero info about food ( they go by guessing answers) food quality is below average if not horrible.Needless to say it is expensive at 190+ per person for dinner and 150+ for breakfast !!! I,Negative,null,Value,expensive,Negative,
165,Old battered property to the point of sockets and appliences falling off when touched. Electric sockets in weird places and most not working.Poor communication with reception and housekeeping. Awful experience in main restaurant both for breakfast and dinner ; food is not fresh- no nealthy choices- staff have zero info about food ( they go by guessing answers) food quality is below average if not horrible.Needless to say it is expensive at 190+ per person for dinner and 150+ for breakfast !!! I,Negative,sockets and appliences,Engineering,falling off,Negative,
165,Old battered property to the point of sockets and appliences falling off when touched. Electric sockets in weird places and most not working.Poor communication with reception and housekeeping. Awful experience in main restaurant both for breakfast and dinner ; food is not fresh- no nealthy choices- staff have zero info about food ( they go by guessing answers) food quality is below average if not horrible.Needless to say it is expensive at 190+ per person for dinner and 150+ for breakfast !!! I,Negative,property,General,Old,Negative,
165,Old battered property to the point of sockets and appliences falling off when touched. Electric sockets in weird places and most not working.Poor communication with reception and housekeeping. Awful experience in main restaurant both for breakfast and dinner ; food is not fresh- no nealthy choices- staff have zero info about food ( they go by guessing answers) food quality is below average if not horrible.Needless to say it is expensive at 190+ per person for dinner and 150+ for breakfast !!! I,Negative,communication,Human Resources,Poor,Negative,
165,Old battered property to the point of sockets and appliences falling off when touched. Electric sockets in weird places and most not working.Poor communication with reception and housekeeping. Awful experience in main restaurant both for breakfast and dinner ; food is not fresh- no nealthy choices- staff have zero info about food ( they go by guessing answers) food quality is below average if not horrible.Needless to say it is expensive at 190+ per person for dinner and 150+ for breakfast !!! I,Negative,sockets,Engineering,null,Negative,
165,Old battered property to the point of sockets and appliences falling off when touched. Electric sockets in weird places and most not working.Poor communication with reception and housekeeping. Awful experience in main restaurant both for breakfast and dinner ; food is not fresh- no nealthy choices- staff have zero info about food ( they go by guessing answers) food quality is below average if not horrible.Needless to say it is expensive at 190+ per person for dinner and 150+ for breakfast !!! I,Negative,staff,Human Resources,null,Negative,
165,Old battered property to the point of sockets and appliences falling off when touched. Electric sockets in weird places and most not working.Poor communication with reception and housekeeping. Awful experience in main restaurant both for breakfast and dinner ; food is not fresh- no nealthy choices- staff have zero info about food ( they go by guessing answers) food quality is below average if not horrible.Needless to say it is expensive at 190+ per person for dinner and 150+ for breakfast !!! I,Negative,food,Food and beverage,null,Negative,
166,"Great location, great facilities for a work trip, great breakfast and I liked the buffet dinner. very convenient, fresh and a lot of variety",Positive,breakfast,Food and beverage,great,Positive,
166,"Great location, great facilities for a work trip, great breakfast and I liked the buffet dinner. very convenient, fresh and a lot of variety",Positive,facilities,Amenities,great,Positive,
166,"Great location, great facilities for a work trip, great breakfast and I liked the buffet dinner. very convenient, fresh and a lot of variety",Positive,location,Location,great,Positive,
166,"Great location, great facilities for a work trip, great breakfast and I liked the buffet dinner. very convenient, fresh and a lot of variety",Positive,buffet dinner,Food and beverage,liked,Positive,
167,"1. Room size is little small.
2. Breakfast buffet has limited variety of food.
3. Only 3 lifts in hotel.
4. Since we also have a kid and due to small room, we ended up eating KFC dinner on our bed.",Negative,Breakfast buffet,Food and beverage,limited variety of food,Negative,
167,"1. Room size is little small.
2. Breakfast buffet has limited variety of food.
3. Only 3 lifts in hotel.
4. Since we also have a kid and due to small room, we ended up eating KFC dinner on our bed.",Negative,lifts,Amenities,null,Negative,
167,"1. Room size is little small.
2. Breakfast buffet has limited variety of food.
3. Only 3 lifts in hotel.
4. Since we also have a kid and due to small room, we ended up eating KFC dinner on our bed.",Negative,Room size,Room,small,Negative,
168,"Great location, with amazing sea view. The pool is awesome for the kids. We were able to accommodate a family of 4 because the sofas are sofa beds and they brought us extra blankets and pillows. The staff was really friendly and everything was clean.",Positive,view,General,amazing,Positive,
168,"Great location, with amazing sea view. The pool is awesome for the kids. We were able to accommodate a family of 4 because the sofas are sofa beds and they brought us extra blankets and pillows. The staff was really friendly and everything was clean.",Positive,pool,Amenities,awesome,Positive,
168,"Great location, with amazing sea view. The pool is awesome for the kids. We were able to accommodate a family of 4 because the sofas are sofa beds and they brought us extra blankets and pillows. The staff was really friendly and everything was clean.",Positive,everything,General,clean,Positive,
168,"Great location, with amazing sea view. The pool is awesome for the kids. We were able to accommodate a family of 4 because the sofas are sofa beds and they brought us extra blankets and pillows. The staff was really friendly and everything was clean.",Positive,staff,Human Resources,friendly,Positive,
168,"Great location, with amazing sea view. The pool is awesome for the kids. We were able to accommodate a family of 4 because the sofas are sofa beds and they brought us extra blankets and pillows. The staff was really friendly and everything was clean.",Positive,location,Location,Great,Positive,
168,"Great location, with amazing sea view. The pool is awesome for the kids. We were able to accommodate a family of 4 because the sofas are sofa beds and they brought us extra blankets and pillows. The staff was really friendly and everything was clean.",Positive,null,Room,null,Positive,
169,"We wish that the haram view was more nice and that the wifi worked faster. Also, there should be complimentary water as opposed to having to pay for it.",Negative,complimentary water,Room services,null,Negative,
169,"We wish that the haram view was more nice and that the wifi worked faster. Also, there should be complimentary water as opposed to having to pay for it.",Negative,haram view,General,null,Neutral,
169,"We wish that the haram view was more nice and that the wifi worked faster. Also, there should be complimentary water as opposed to having to pay for it.",Negative,wifi,Engineering,null,Neutral,
170,Reception and welcoming .. Location and accessibility to Haram.. Cleanliness and room services.. The view!,Positive,accessibility,General,null,Positive,
170,Reception and welcoming .. Location and accessibility to Haram.. Cleanliness and room services.. The view!,Positive,Cleanliness,Housekeeping,null,Positive,
170,Reception and welcoming .. Location and accessibility to Haram.. Cleanliness and room services.. The view!,Positive,Location,Location,null,Positive,
170,Reception and welcoming .. Location and accessibility to Haram.. Cleanliness and room services.. The view!,Positive,null,Human Resources,null,Positive,
170,Reception and welcoming .. Location and accessibility to Haram.. Cleanliness and room services.. The view!,Positive,Reception,Front office,null,Positive,
170,Reception and welcoming .. Location and accessibility to Haram.. Cleanliness and room services.. The view!,Positive,room services,Room services,null,Positive,
170,Reception and welcoming .. Location and accessibility to Haram.. Cleanliness and room services.. The view!,Positive,view,General,null,Positive,
171,"Hotel facilities were excellent, close to Masjid Nabwi and cleanliness keeping in view current COVID situation was done. The staff at Reception was cooperative especially Ms. Reem exceptionally stands out. She called us two times if we were comfortable or needed anything. Saja Al Madinah management should encourage and motivate such staff. Her behavior with the guests was an added value to the hotel image.",Positive,null,Location,close to,Positive,
171,"Hotel facilities were excellent, close to Masjid Nabwi and cleanliness keeping in view current COVID situation was done. The staff at Reception was cooperative especially Ms. Reem exceptionally stands out. She called us two times if we were comfortable or needed anything. Saja Al Madinah management should encourage and motivate such staff. Her behavior with the guests was an added value to the hotel image.",Positive,staff,Human Resources,cooperative,Positive,
171,"Hotel facilities were excellent, close to Masjid Nabwi and cleanliness keeping in view current COVID situation was done. The staff at Reception was cooperative especially Ms. Reem exceptionally stands out. She called us two times if we were comfortable or needed anything. Saja Al Madinah management should encourage and motivate such staff. Her behavior with the guests was an added value to the hotel image.",Positive,facilities,General,excellent,Positive,
171,"Hotel facilities were excellent, close to Masjid Nabwi and cleanliness keeping in view current COVID situation was done. The staff at Reception was cooperative especially Ms. Reem exceptionally stands out. She called us two times if we were comfortable or needed anything. Saja Al Madinah management should encourage and motivate such staff. Her behavior with the guests was an added value to the hotel image.",Positive,null,Human Resources,null,Positive,
171,"Hotel facilities were excellent, close to Masjid Nabwi and cleanliness keeping in view current COVID situation was done. The staff at Reception was cooperative especially Ms. Reem exceptionally stands out. She called us two times if we were comfortable or needed anything. Saja Al Madinah management should encourage and motivate such staff. Her behavior with the guests was an added value to the hotel image.",Positive,null,Human Resources,null,Positive,
171,"Hotel facilities were excellent, close to Masjid Nabwi and cleanliness keeping in view current COVID situation was done. The staff at Reception was cooperative especially Ms. Reem exceptionally stands out. She called us two times if we were comfortable or needed anything. Saja Al Madinah management should encourage and motivate such staff. Her behavior with the guests was an added value to the hotel image.",Positive,cleanliness,Housekeeping,null,Positive,
172,i did not like our suite the first night as the pool room windows were covered and we could not enjoy the view. loved the suite upstairs with the balcony second night.,Neutral,suite,Room,null,Negative,
172,i did not like our suite the first night as the pool room windows were covered and we could not enjoy the view. loved the suite upstairs with the balcony second night.,Neutral,view,General,null,Negative,
172,i did not like our suite the first night as the pool room windows were covered and we could not enjoy the view. loved the suite upstairs with the balcony second night.,Neutral,suite upstairs,Room,null,Positive,
173,"The hotel looks old. Got room with rear view. Next to other building. That's mean no nice view. Toilet could be better. The mosaic in the toilet and room interior design is outdated. The mattress quite hard. However, we lovebto stay again the future because if the affordable rate per night.",Neutral,null,Value,affordable,Positive,
173,"The hotel looks old. Got room with rear view. Next to other building. That's mean no nice view. Toilet could be better. The mosaic in the toilet and room interior design is outdated. The mattress quite hard. However, we lovebto stay again the future because if the affordable rate per night.",Neutral,mattress,Furniture,hard,Negative,
173,"The hotel looks old. Got room with rear view. Next to other building. That's mean no nice view. Toilet could be better. The mosaic in the toilet and room interior design is outdated. The mattress quite hard. However, we lovebto stay again the future because if the affordable rate per night.",Neutral,hotel,General,old,Negative,
173,"The hotel looks old. Got room with rear view. Next to other building. That's mean no nice view. Toilet could be better. The mosaic in the toilet and room interior design is outdated. The mattress quite hard. However, we lovebto stay again the future because if the affordable rate per night.",Neutral,interior design,Furniture,outdated,Negative,
173,"The hotel looks old. Got room with rear view. Next to other building. That's mean no nice view. Toilet could be better. The mosaic in the toilet and room interior design is outdated. The mattress quite hard. However, we lovebto stay again the future because if the affordable rate per night.",Neutral,Toilet,Amenities,null,Negative,
173,"The hotel looks old. Got room with rear view. Next to other building. That's mean no nice view. Toilet could be better. The mosaic in the toilet and room interior design is outdated. The mattress quite hard. However, we lovebto stay again the future because if the affordable rate per night.",Neutral,view,General,null,Negative,
174,"The staff were great. Good room view.
Clean toilet and great shower. Free and very good breakfast.
When comparing it to other hotels in Abha city, I would very highly recommend it.",Positive,breakfast,Value,Free,Positive,
174,"The staff were great. Good room view.
Clean toilet and great shower. Free and very good breakfast.
When comparing it to other hotels in Abha city, I would very highly recommend it.",Positive,breakfast,Food and beverage,good,Positive,
174,"The staff were great. Good room view.
Clean toilet and great shower. Free and very good breakfast.
When comparing it to other hotels in Abha city, I would very highly recommend it.",Positive,toilet,Amenities,Clean,Positive,
174,"The staff were great. Good room view.
Clean toilet and great shower. Free and very good breakfast.
When comparing it to other hotels in Abha city, I would very highly recommend it.",Positive,view,General,Good,Positive,
174,"The staff were great. Good room view.
Clean toilet and great shower. Free and very good breakfast.
When comparing it to other hotels in Abha city, I would very highly recommend it.",Positive,staff,Human Resources,great,Positive,
174,"The staff were great. Good room view.
Clean toilet and great shower. Free and very good breakfast.
When comparing it to other hotels in Abha city, I would very highly recommend it.",Positive,shower,Amenities,great,Positive,
175,"There was no view in my room.
You have to order everything even the toothbrush, it wasn’t in the bathroom.",Negative,everything,Amenities,null,Negative,
175,"There was no view in my room.
You have to order everything even the toothbrush, it wasn’t in the bathroom.",Negative,toothbrush,Amenities,null,Negative,
175,"There was no view in my room.
You have to order everything even the toothbrush, it wasn’t in the bathroom.",Negative,view,General,null,Negative,
176,the location was nice and we got good view from the room and also dominos and maestro are available downstairs,Positive,null,General,available,Positive,
176,the location was nice and we got good view from the room and also dominos and maestro are available downstairs,Positive,view,General,good,Positive,
176,the location was nice and we got good view from the room and also dominos and maestro are available downstairs,Positive,location,Location,nice,Positive,
177,I love the location. It was as promised and shown on site. Room given to me was with haram view and staff on reception was really helpful.,Positive,reception,Human Resources,helpful,Positive,
177,I love the location. It was as promised and shown on site. Room given to me was with haram view and staff on reception was really helpful.,Positive,location,Location,love,Positive,
177,I love the location. It was as promised and shown on site. Room given to me was with haram view and staff on reception was really helpful.,Positive,view,General,null,Positive,
178,"Comfortable bed 
Good breakfast better than the average
Reception team very happy to serve",Positive,bed,Furniture,Comfortable,Positive,
178,"Comfortable bed 
Good breakfast better than the average
Reception team very happy to serve",Positive,breakfast,Food and beverage,Good breakfast better than the average,Neutral,
178,"Comfortable bed 
Good breakfast better than the average
Reception team very happy to serve",Positive,Reception,Human Resources,null,Positive,
179,"Our room had a nice view of the pool. The pool area was open. The restaurant area was open but offered no service, only room service was available, but room had no space.
To no fault of the staff, the hotel is disappointing, I had to cancel a future reservation.",Neutral,hotel,General,disappointing,Negative,
179,"Our room had a nice view of the pool. The pool area was open. The restaurant area was open but offered no service, only room service was available, but room had no space.
To no fault of the staff, the hotel is disappointing, I had to cancel a future reservation.",Neutral,view,General,nice,Positive,
179,"Our room had a nice view of the pool. The pool area was open. The restaurant area was open but offered no service, only room service was available, but room had no space.
To no fault of the staff, the hotel is disappointing, I had to cancel a future reservation.",Neutral,restaurant area,Food and beverage,null,Neutral,
179,"Our room had a nice view of the pool. The pool area was open. The restaurant area was open but offered no service, only room service was available, but room had no space.
To no fault of the staff, the hotel is disappointing, I had to cancel a future reservation.",Neutral,room,Room,null,Negative,
179,"Our room had a nice view of the pool. The pool area was open. The restaurant area was open but offered no service, only room service was available, but room had no space.
To no fault of the staff, the hotel is disappointing, I had to cancel a future reservation.",Neutral,pool area,Amenities,open,Positive,
180,"Elevators are not working. Bathrooms are dirty and some parts are broken, no towels, furniture is not cleaned.",Negative,null,Engineering,broken,Negative,
180,"Elevators are not working. Bathrooms are dirty and some parts are broken, no towels, furniture is not cleaned.",Negative,Bathrooms,Housekeeping,dirty,Negative,
180,"Elevators are not working. Bathrooms are dirty and some parts are broken, no towels, furniture is not cleaned.",Negative,Elevators,Amenities,null,Negative,
180,"Elevators are not working. Bathrooms are dirty and some parts are broken, no towels, furniture is not cleaned.",Negative,furniture,Furniture,null,Negative,
180,"Elevators are not working. Bathrooms are dirty and some parts are broken, no towels, furniture is not cleaned.",Negative,towels,Housekeeping,null,Negative,
181,"It is the best place very near to the King Abdulaziz Gate of Haram, just 5 min. walk.
All the facilities like food, grocery, barber shop etc. are within 2 min.
Excellent place to live very near to Haram. Neat and clean without smelly carpets.
They have 4 high speed big elevators.",Positive,place,General,best,Positive,
181,"It is the best place very near to the King Abdulaziz Gate of Haram, just 5 min. walk.
All the facilities like food, grocery, barber shop etc. are within 2 min.
Excellent place to live very near to Haram. Neat and clean without smelly carpets.
They have 4 high speed big elevators.",Positive,place,General,Excellent,Positive,
181,"It is the best place very near to the King Abdulaziz Gate of Haram, just 5 min. walk.
All the facilities like food, grocery, barber shop etc. are within 2 min.
Excellent place to live very near to Haram. Neat and clean without smelly carpets.
They have 4 high speed big elevators.",Positive,null,Housekeeping,Neat and clean,Positive,
181,"It is the best place very near to the King Abdulaziz Gate of Haram, just 5 min. walk.
All the facilities like food, grocery, barber shop etc. are within 2 min.
Excellent place to live very near to Haram. Neat and clean without smelly carpets.
They have 4 high speed big elevators.",Positive,null,Location,null,Positive,
181,"It is the best place very near to the King Abdulaziz Gate of Haram, just 5 min. walk.
All the facilities like food, grocery, barber shop etc. are within 2 min.
Excellent place to live very near to Haram. Neat and clean without smelly carpets.
They have 4 high speed big elevators.",Positive,null,Lounge,null,Positive,
181,"It is the best place very near to the King Abdulaziz Gate of Haram, just 5 min. walk.
All the facilities like food, grocery, barber shop etc. are within 2 min.
Excellent place to live very near to Haram. Neat and clean without smelly carpets.
They have 4 high speed big elevators.",Positive,null,Lounge,null,Positive,
181,"It is the best place very near to the King Abdulaziz Gate of Haram, just 5 min. walk.
All the facilities like food, grocery, barber shop etc. are within 2 min.
Excellent place to live very near to Haram. Neat and clean without smelly carpets.
They have 4 high speed big elevators.",Positive,carpets,Housekeeping,null,Positive,
181,"It is the best place very near to the King Abdulaziz Gate of Haram, just 5 min. walk.
All the facilities like food, grocery, barber shop etc. are within 2 min.
Excellent place to live very near to Haram. Neat and clean without smelly carpets.
They have 4 high speed big elevators.",Positive,elevators,Amenities,speed big,Positive,
182,"1 - i made special request that i need the 2 booked room connected because I check in with my wife and babies .
Unfortunately they made the reservation each room in different floor.. they are babies 4 and 3 years it’s difficult to let them stay in different floor.
2- every time i get out from i face difficulty to go up to my room sometimes i stay 1 hour front of the twin elevators . I thank only 2 small left with many numbers of guests not sufficient has to be at least 4 lefts to cover the guests and stuff",Negative,elevators,Amenities,null,Negative,
182,"1 - i made special request that i need the 2 booked room connected because I check in with my wife and babies .
Unfortunately they made the reservation each room in different floor.. they are babies 4 and 3 years it’s difficult to let them stay in different floor.
2- every time i get out from i face difficulty to go up to my room sometimes i stay 1 hour front of the twin elevators . I thank only 2 small left with many numbers of guests not sufficient has to be at least 4 lefts to cover the guests and stuff",Negative,request,Reservations,null,Negative,
183,"Very poor layout, 
Elevators easily breakdown and start skipping floors
Bathroom stinks, seems like molded 
No bathtub, messes up the whole room
Bathroom tiles are not properly graded, very poor draining
Phone is broken, no mean to call the front desk",Negative,Elevators,Amenities,breakdown,Negative,
183,"Very poor layout, 
Elevators easily breakdown and start skipping floors
Bathroom stinks, seems like molded 
No bathtub, messes up the whole room
Bathroom tiles are not properly graded, very poor draining
Phone is broken, no mean to call the front desk",Negative,Phone,Engineering,broken,Negative,
183,"Very poor layout, 
Elevators easily breakdown and start skipping floors
Bathroom stinks, seems like molded 
No bathtub, messes up the whole room
Bathroom tiles are not properly graded, very poor draining
Phone is broken, no mean to call the front desk",Negative,tiles,Furniture,null,Negative,
183,"Very poor layout, 
Elevators easily breakdown and start skipping floors
Bathroom stinks, seems like molded 
No bathtub, messes up the whole room
Bathroom tiles are not properly graded, very poor draining
Phone is broken, no mean to call the front desk",Negative,Bathroom,Housekeeping,null,Negative,
183,"Very poor layout, 
Elevators easily breakdown and start skipping floors
Bathroom stinks, seems like molded 
No bathtub, messes up the whole room
Bathroom tiles are not properly graded, very poor draining
Phone is broken, no mean to call the front desk",Negative,bathtub,General,null,Negative,
183,"Very poor layout, 
Elevators easily breakdown and start skipping floors
Bathroom stinks, seems like molded 
No bathtub, messes up the whole room
Bathroom tiles are not properly graded, very poor draining
Phone is broken, no mean to call the front desk",Negative,draining,Engineering,poor,Negative,
183,"Very poor layout, 
Elevators easily breakdown and start skipping floors
Bathroom stinks, seems like molded 
No bathtub, messes up the whole room
Bathroom tiles are not properly graded, very poor draining
Phone is broken, no mean to call the front desk",Negative,layout,General,poor,Negative,
183,"Very poor layout, 
Elevators easily breakdown and start skipping floors
Bathroom stinks, seems like molded 
No bathtub, messes up the whole room
Bathroom tiles are not properly graded, very poor draining
Phone is broken, no mean to call the front desk",Negative,Bathroom,Housekeeping,stinks,Negative,
184,"The location is perfect, rooms are big and ""cozy"". Breakfast is excellent and staff especially Anwar from housekeeping were very friendly and accommodating. The lobby area and exterior are pretty clean and looks esthetically pleasing also the elevators are fast and plenty to get you down on time for prayers.",Positive,staff,Human Resources,accommodating,Positive,
184,"The location is perfect, rooms are big and ""cozy"". Breakfast is excellent and staff especially Anwar from housekeeping were very friendly and accommodating. The lobby area and exterior are pretty clean and looks esthetically pleasing also the elevators are fast and plenty to get you down on time for prayers.",Positive,rooms,Room,big,Positive,
184,"The location is perfect, rooms are big and ""cozy"". Breakfast is excellent and staff especially Anwar from housekeeping were very friendly and accommodating. The lobby area and exterior are pretty clean and looks esthetically pleasing also the elevators are fast and plenty to get you down on time for prayers.",Positive,exterior,Housekeeping,clean,Positive,
184,"The location is perfect, rooms are big and ""cozy"". Breakfast is excellent and staff especially Anwar from housekeeping were very friendly and accommodating. The lobby area and exterior are pretty clean and looks esthetically pleasing also the elevators are fast and plenty to get you down on time for prayers.",Positive,lobby,Housekeeping,clean,Positive,
184,"The location is perfect, rooms are big and ""cozy"". Breakfast is excellent and staff especially Anwar from housekeeping were very friendly and accommodating. The lobby area and exterior are pretty clean and looks esthetically pleasing also the elevators are fast and plenty to get you down on time for prayers.",Positive,rooms,Room,cozy,Positive,
184,"The location is perfect, rooms are big and ""cozy"". Breakfast is excellent and staff especially Anwar from housekeeping were very friendly and accommodating. The lobby area and exterior are pretty clean and looks esthetically pleasing also the elevators are fast and plenty to get you down on time for prayers.",Positive,Breakfast,Food and beverage,excellent,Positive,
184,"The location is perfect, rooms are big and ""cozy"". Breakfast is excellent and staff especially Anwar from housekeeping were very friendly and accommodating. The lobby area and exterior are pretty clean and looks esthetically pleasing also the elevators are fast and plenty to get you down on time for prayers.",Positive,elevators,Amenities,fast,Positive,
184,"The location is perfect, rooms are big and ""cozy"". Breakfast is excellent and staff especially Anwar from housekeeping were very friendly and accommodating. The lobby area and exterior are pretty clean and looks esthetically pleasing also the elevators are fast and plenty to get you down on time for prayers.",Positive,staff,Human Resources,friendly,Positive,
184,"The location is perfect, rooms are big and ""cozy"". Breakfast is excellent and staff especially Anwar from housekeeping were very friendly and accommodating. The lobby area and exterior are pretty clean and looks esthetically pleasing also the elevators are fast and plenty to get you down on time for prayers.",Positive,location,Location,perfect,Positive,
184,"The location is perfect, rooms are big and ""cozy"". Breakfast is excellent and staff especially Anwar from housekeeping were very friendly and accommodating. The lobby area and exterior are pretty clean and looks esthetically pleasing also the elevators are fast and plenty to get you down on time for prayers.",Positive,exterior,Furniture,pleasing,Positive,
184,"The location is perfect, rooms are big and ""cozy"". Breakfast is excellent and staff especially Anwar from housekeeping were very friendly and accommodating. The lobby area and exterior are pretty clean and looks esthetically pleasing also the elevators are fast and plenty to get you down on time for prayers.",Positive,lobby,General,pleasing,Positive,
184,"The location is perfect, rooms are big and ""cozy"". Breakfast is excellent and staff especially Anwar from housekeeping were very friendly and accommodating. The lobby area and exterior are pretty clean and looks esthetically pleasing also the elevators are fast and plenty to get you down on time for prayers.",Positive,elevators,Amenities,plenty,Positive,
185,"accessibility. Need to take 2 elevators, not all are working, have to wait longer with many people. anyhow tolerable due to the price & location compared to others",Negative,elevators,Amenities,null,Negative,
185,"accessibility. Need to take 2 elevators, not all are working, have to wait longer with many people. anyhow tolerable due to the price & location compared to others",Negative,elevators,Amenities,null,Negative,
185,"accessibility. Need to take 2 elevators, not all are working, have to wait longer with many people. anyhow tolerable due to the price & location compared to others",Negative,accessibility,General,null,Negative,
185,"accessibility. Need to take 2 elevators, not all are working, have to wait longer with many people. anyhow tolerable due to the price & location compared to others",Negative,location,Location,tolerable,Negative,
185,"accessibility. Need to take 2 elevators, not all are working, have to wait longer with many people. anyhow tolerable due to the price & location compared to others",Negative,price,Value,tolerable,Negative,
186,"Perfect location, very near to Haram. Big rooms with fast elevators. Housekeeping staff is very tentative.",Positive,rooms,Room,Big,Positive,
186,"Perfect location, very near to Haram. Big rooms with fast elevators. Housekeeping staff is very tentative.",Positive,elevators,Amenities,fast,Positive,
186,"Perfect location, very near to Haram. Big rooms with fast elevators. Housekeeping staff is very tentative.",Positive,null,Location,null,Positive,
186,"Perfect location, very near to Haram. Big rooms with fast elevators. Housekeeping staff is very tentative.",Positive,location,Location,Perfect,Positive,
186,"Perfect location, very near to Haram. Big rooms with fast elevators. Housekeeping staff is very tentative.",Positive,Housekeeping,Housekeeping,tentative,Positive,
187,"The check-in causes some delay. The elevators most of the time are usually crowded, with staffs sharing the same elevator causing delays. The breakfast is expensive with very limited choices. The staffs could not understand what you requested.",Negative,elevators,Amenities,crowded,Negative,
187,"The check-in causes some delay. The elevators most of the time are usually crowded, with staffs sharing the same elevator causing delays. The breakfast is expensive with very limited choices. The staffs could not understand what you requested.",Negative,breakfast,Food and beverage,limited,Negative,
187,"The check-in causes some delay. The elevators most of the time are usually crowded, with staffs sharing the same elevator causing delays. The breakfast is expensive with very limited choices. The staffs could not understand what you requested.",Negative,staffs,Human Resources,null,Negative,
187,"The check-in causes some delay. The elevators most of the time are usually crowded, with staffs sharing the same elevator causing delays. The breakfast is expensive with very limited choices. The staffs could not understand what you requested.",Negative,null,Amenities,null,Negative,
187,"The check-in causes some delay. The elevators most of the time are usually crowded, with staffs sharing the same elevator causing delays. The breakfast is expensive with very limited choices. The staffs could not understand what you requested.",Negative,check-in,Front office,null,Negative,
188,"Location is good. Room decoration is good.
Fast elevators.",Positive,elevators,Amenities,Fast,Positive,160
188,"Location is good. Room decoration is good.
Fast elevators.",Positive,decoration,Furniture,good,Positive,160
188,"Location is good. Room decoration is good.
Fast elevators.",Positive,Location,Location,good,Positive,160
189,Having to change into different elevators to get to the 45th floor and also issues with the room being advertised as haram view but turned out to be partial view customer service was bad when I tried to change my room the hotel did not respond to booking team for 2 days,Negative,customer service,Human Resources,bad,Negative,
189,Having to change into different elevators to get to the 45th floor and also issues with the room being advertised as haram view but turned out to be partial view customer service was bad when I tried to change my room the hotel did not respond to booking team for 2 days,Negative,elevators,Amenities,null,Negative,
189,Having to change into different elevators to get to the 45th floor and also issues with the room being advertised as haram view but turned out to be partial view customer service was bad when I tried to change my room the hotel did not respond to booking team for 2 days,Negative,null,Sales and marketing,null,Negative,
190,"Cooperative team.
Excelant service
Comfortable lobby
Furniture and facilities are in good condition.
Good number of elevators
Clean linean",Positive,linean,Housekeeping,Clean,Positive,
190,"Cooperative team.
Excelant service
Comfortable lobby
Furniture and facilities are in good condition.
Good number of elevators
Clean linean",Positive,lobby,General,Comfortable,Positive,
190,"Cooperative team.
Excelant service
Comfortable lobby
Furniture and facilities are in good condition.
Good number of elevators
Clean linean",Positive,team,Human Resources,Cooperative,Positive,
190,"Cooperative team.
Excelant service
Comfortable lobby
Furniture and facilities are in good condition.
Good number of elevators
Clean linean",Positive,service,Human Resources,Excelant,Positive,
190,"Cooperative team.
Excelant service
Comfortable lobby
Furniture and facilities are in good condition.
Good number of elevators
Clean linean",Positive,elevators,Amenities,good,Positive,
190,"Cooperative team.
Excelant service
Comfortable lobby
Furniture and facilities are in good condition.
Good number of elevators
Clean linean",Positive,facilities,Amenities,good,Positive,
190,"Cooperative team.
Excelant service
Comfortable lobby
Furniture and facilities are in good condition.
Good number of elevators
Clean linean",Positive,Furniture,Furniture,good,Positive,
191,"The hotel has very bad service. We checked out and were waiting well over 45 mins for a bellboy, 25 minutes for an elevator and further disappointment when we got to reception. The whole process was very distressing. This hotel in general has a real issue with the elevators. You can be waiting a long time to get one during peak times and it is very confusing too. Will not be fooling myself thinking it is a convenient hotel again, it is anything but convenient for Masjid al Haram.",Negative,service,Human Resources,bad,Negative,
191,"The hotel has very bad service. We checked out and were waiting well over 45 mins for a bellboy, 25 minutes for an elevator and further disappointment when we got to reception. The whole process was very distressing. This hotel in general has a real issue with the elevators. You can be waiting a long time to get one during peak times and it is very confusing too. Will not be fooling myself thinking it is a convenient hotel again, it is anything but convenient for Masjid al Haram.",Negative,reception,Human Resources,disappointment,Negative,
191,"The hotel has very bad service. We checked out and were waiting well over 45 mins for a bellboy, 25 minutes for an elevator and further disappointment when we got to reception. The whole process was very distressing. This hotel in general has a real issue with the elevators. You can be waiting a long time to get one during peak times and it is very confusing too. Will not be fooling myself thinking it is a convenient hotel again, it is anything but convenient for Masjid al Haram.",Negative,process,Front office,distressing,Negative,
191,"The hotel has very bad service. We checked out and were waiting well over 45 mins for a bellboy, 25 minutes for an elevator and further disappointment when we got to reception. The whole process was very distressing. This hotel in general has a real issue with the elevators. You can be waiting a long time to get one during peak times and it is very confusing too. Will not be fooling myself thinking it is a convenient hotel again, it is anything but convenient for Masjid al Haram.",Negative,bellboy,Human Resources,null,Negative,
191,"The hotel has very bad service. We checked out and were waiting well over 45 mins for a bellboy, 25 minutes for an elevator and further disappointment when we got to reception. The whole process was very distressing. This hotel in general has a real issue with the elevators. You can be waiting a long time to get one during peak times and it is very confusing too. Will not be fooling myself thinking it is a convenient hotel again, it is anything but convenient for Masjid al Haram.",Negative,elevator,Amenities,null,Negative,
191,"The hotel has very bad service. We checked out and were waiting well over 45 mins for a bellboy, 25 minutes for an elevator and further disappointment when we got to reception. The whole process was very distressing. This hotel in general has a real issue with the elevators. You can be waiting a long time to get one during peak times and it is very confusing too. Will not be fooling myself thinking it is a convenient hotel again, it is anything but convenient for Masjid al Haram.",Negative,elevators,Amenities,null,Negative,
191,"The hotel has very bad service. We checked out and were waiting well over 45 mins for a bellboy, 25 minutes for an elevator and further disappointment when we got to reception. The whole process was very distressing. This hotel in general has a real issue with the elevators. You can be waiting a long time to get one during peak times and it is very confusing too. Will not be fooling myself thinking it is a convenient hotel again, it is anything but convenient for Masjid al Haram.",Negative,null,General,null,Negative,
192,"Elevators are not working. Bathrooms are dirty and some parts are broken, no towels, furniture is not cleaned.",Negative,Bathrooms,Housekeeping,broken,Negative,180
192,"Elevators are not working. Bathrooms are dirty and some parts are broken, no towels, furniture is not cleaned.",Negative,Bathrooms,Housekeeping,dirty,Negative,180
192,"Elevators are not working. Bathrooms are dirty and some parts are broken, no towels, furniture is not cleaned.",Negative,Elevators,Amenities,null,Negative,180
192,"Elevators are not working. Bathrooms are dirty and some parts are broken, no towels, furniture is not cleaned.",Negative,furniture,Furniture,null,Negative,180
192,"Elevators are not working. Bathrooms are dirty and some parts are broken, no towels, furniture is not cleaned.",Negative,towels,Amenities,null,Negative,180
193,"good breakfast.
location very close to the haram.
executive lounge friendly staff Mr. Raza Ahmed and Mr. Gulam Nabi.
Elevators are available all the time.",Positive,Elevators,Amenities,available,Positive,
193,"good breakfast.
location very close to the haram.
executive lounge friendly staff Mr. Raza Ahmed and Mr. Gulam Nabi.
Elevators are available all the time.",Positive,staff,Human Resources,friendly,Positive,
193,"good breakfast.
location very close to the haram.
executive lounge friendly staff Mr. Raza Ahmed and Mr. Gulam Nabi.
Elevators are available all the time.",Positive,null,Human Resources,friendly,Positive,
193,"good breakfast.
location very close to the haram.
executive lounge friendly staff Mr. Raza Ahmed and Mr. Gulam Nabi.
Elevators are available all the time.",Positive,null,Human Resources,friendly,Positive,
193,"good breakfast.
location very close to the haram.
executive lounge friendly staff Mr. Raza Ahmed and Mr. Gulam Nabi.
Elevators are available all the time.",Positive,breakfast,Food and beverage,good,Positive,
193,"good breakfast.
location very close to the haram.
executive lounge friendly staff Mr. Raza Ahmed and Mr. Gulam Nabi.
Elevators are available all the time.",Positive,location,Lounge,null,Positive,
194,"Making me waiting to check out for 10 minutes without making sure if i use the mini bar even i told them i ised it. The sttaf asked her workmate to check me out after waiting as she claimed verifying what i used. Staff name's kholod as i recall. Even no toothbrush for high price room.
Tv screen scratched, elevators not cleaned from spills, and at lobby there was flies.",Negative,check out,Front office,null,Negative,
194,"Making me waiting to check out for 10 minutes without making sure if i use the mini bar even i told them i ised it. The sttaf asked her workmate to check me out after waiting as she claimed verifying what i used. Staff name's kholod as i recall. Even no toothbrush for high price room.
Tv screen scratched, elevators not cleaned from spills, and at lobby there was flies.",Negative,elevators,Amenities,null,Negative,
194,"Making me waiting to check out for 10 minutes without making sure if i use the mini bar even i told them i ised it. The sttaf asked her workmate to check me out after waiting as she claimed verifying what i used. Staff name's kholod as i recall. Even no toothbrush for high price room.
Tv screen scratched, elevators not cleaned from spills, and at lobby there was flies.",Negative,lobby,General,null,Negative,
194,"Making me waiting to check out for 10 minutes without making sure if i use the mini bar even i told them i ised it. The sttaf asked her workmate to check me out after waiting as she claimed verifying what i used. Staff name's kholod as i recall. Even no toothbrush for high price room.
Tv screen scratched, elevators not cleaned from spills, and at lobby there was flies.",Negative,room,Value,null,Negative,
194,"Making me waiting to check out for 10 minutes without making sure if i use the mini bar even i told them i ised it. The sttaf asked her workmate to check me out after waiting as she claimed verifying what i used. Staff name's kholod as i recall. Even no toothbrush for high price room.
Tv screen scratched, elevators not cleaned from spills, and at lobby there was flies.",Negative,toothbrush,Amenities,null,Negative,
194,"Making me waiting to check out for 10 minutes without making sure if i use the mini bar even i told them i ised it. The sttaf asked her workmate to check me out after waiting as she claimed verifying what i used. Staff name's kholod as i recall. Even no toothbrush for high price room.
Tv screen scratched, elevators not cleaned from spills, and at lobby there was flies.",Negative,Tv,Amenities,scratched,Negative,
195,"Very spacious suite , it has 3 bathrooms ,it has separate elevators for higher floors and the breakfast menu was diverse.",Positive,breakfast,Food and beverage,diverse,Positive,
195,"Very spacious suite , it has 3 bathrooms ,it has separate elevators for higher floors and the breakfast menu was diverse.",Positive,elevators,Amenities,separate,Positive,
195,"Very spacious suite , it has 3 bathrooms ,it has separate elevators for higher floors and the breakfast menu was diverse.",Positive,suite,Room,spacious,Positive,
196,"Location, Rooms are nice and smell good baths are clean, elevators are very efficient",Positive,baths,Housekeeping,clean,Positive,
196,"Location, Rooms are nice and smell good baths are clean, elevators are very efficient",Positive,elevators,Amenities,efficient,Positive,
196,"Location, Rooms are nice and smell good baths are clean, elevators are very efficient",Positive,Rooms,Room,nice,Positive,
196,"Location, Rooms are nice and smell good baths are clean, elevators are very efficient",Positive,Location,Location,null,Positive,
196,"Location, Rooms are nice and smell good baths are clean, elevators are very efficient",Positive,Rooms,Housekeeping,null,Positive,
197,"location is superb, Architecture, accessibility to rooms ( compared to clock tower where you have to switch elevators in 11th floor , also you have to walk so many corridors, it takes 10 mins to go up/down in click tower where it takes only 3 minutes in Makkah towers",Positive,Architecture,General,null,Positive,
197,"location is superb, Architecture, accessibility to rooms ( compared to clock tower where you have to switch elevators in 11th floor , also you have to walk so many corridors, it takes 10 mins to go up/down in click tower where it takes only 3 minutes in Makkah towers",Positive,accessibility,General,null,Positive,
197,"location is superb, Architecture, accessibility to rooms ( compared to clock tower where you have to switch elevators in 11th floor , also you have to walk so many corridors, it takes 10 mins to go up/down in click tower where it takes only 3 minutes in Makkah towers",Positive,location,Location,superb,Positive,
198,"Elevator not enough, even if it work good 
Have to increase one or more elevators
Food not good 
Staff not very helpful",Negative,Elevator,Amenities,null,Negative,
198,"Elevator not enough, even if it work good 
Have to increase one or more elevators
Food not good 
Staff not very helpful",Negative,Food,Food and beverage,null,Negative,
198,"Elevator not enough, even if it work good 
Have to increase one or more elevators
Food not good 
Staff not very helpful",Negative,Staff,Human Resources,null,Negative,
199,"clean facility, multi elevators, comfortable room, very good location close to al haram and also easy access to taxi, Bus..., rich and very good breakfast, special thanks to Mr. Ibrahim, Mr. Ammar and Mr. Eyad",Positive,facility,General,clean,Positive,
199,"clean facility, multi elevators, comfortable room, very good location close to al haram and also easy access to taxi, Bus..., rich and very good breakfast, special thanks to Mr. Ibrahim, Mr. Ammar and Mr. Eyad",Positive,null,Location,close to al haram,Positive,
199,"clean facility, multi elevators, comfortable room, very good location close to al haram and also easy access to taxi, Bus..., rich and very good breakfast, special thanks to Mr. Ibrahim, Mr. Ammar and Mr. Eyad",Positive,room,Room,comfortable,Positive,
199,"clean facility, multi elevators, comfortable room, very good location close to al haram and also easy access to taxi, Bus..., rich and very good breakfast, special thanks to Mr. Ibrahim, Mr. Ammar and Mr. Eyad",Positive,breakfast,Food and beverage,good,Positive,
199,"clean facility, multi elevators, comfortable room, very good location close to al haram and also easy access to taxi, Bus..., rich and very good breakfast, special thanks to Mr. Ibrahim, Mr. Ammar and Mr. Eyad",Positive,location,Location,good,Positive,
199,"clean facility, multi elevators, comfortable room, very good location close to al haram and also easy access to taxi, Bus..., rich and very good breakfast, special thanks to Mr. Ibrahim, Mr. Ammar and Mr. Eyad",Positive,elevators,Amenities,null,Positive,
199,"clean facility, multi elevators, comfortable room, very good location close to al haram and also easy access to taxi, Bus..., rich and very good breakfast, special thanks to Mr. Ibrahim, Mr. Ammar and Mr. Eyad",Positive,null,Location,null,Positive,
199,"clean facility, multi elevators, comfortable room, very good location close to al haram and also easy access to taxi, Bus..., rich and very good breakfast, special thanks to Mr. Ibrahim, Mr. Ammar and Mr. Eyad",Positive,breakfast,Food and beverage,rich,Positive,
199,"clean facility, multi elevators, comfortable room, very good location close to al haram and also easy access to taxi, Bus..., rich and very good breakfast, special thanks to Mr. Ibrahim, Mr. Ammar and Mr. Eyad",Positive,null,Human Resources,special thanks,Positive,
199,"clean facility, multi elevators, comfortable room, very good location close to al haram and also easy access to taxi, Bus..., rich and very good breakfast, special thanks to Mr. Ibrahim, Mr. Ammar and Mr. Eyad",Positive,null,Human Resources,special thanks,Positive,
199,"clean facility, multi elevators, comfortable room, very good location close to al haram and also easy access to taxi, Bus..., rich and very good breakfast, special thanks to Mr. Ibrahim, Mr. Ammar and Mr. Eyad",Positive,null,Human Resources,special thanks,Positive,
200,"""poor elevators performance. very slow and despite there was no load on them, most of elevators are down and not working well. Also, most the screens inside elevators are not working! 
The sound system inside the hotel mosque should be fixed or replaced. The sound is very loud and it’s not only about being too much loud (which can cause deafness), but the sound system seems dead and should be replaced. i visited many hotels and never observed similar issue. The sound in Fairmont mosque really makes you feel uncomfortable and may cause deaf.""",Positive,sound system,Engineering,dead,Negative,
200,"""poor elevators performance. very slow and despite there was no load on them, most of elevators are down and not working well. Also, most the screens inside elevators are not working! 
The sound system inside the hotel mosque should be fixed or replaced. The sound is very loud and it’s not only about being too much loud (which can cause deafness), but the sound system seems dead and should be replaced. i visited many hotels and never observed similar issue. The sound in Fairmont mosque really makes you feel uncomfortable and may cause deaf.""",Positive,elevators,Amenities,down,Negative,
200,"""poor elevators performance. very slow and despite there was no load on them, most of elevators are down and not working well. Also, most the screens inside elevators are not working! 
The sound system inside the hotel mosque should be fixed or replaced. The sound is very loud and it’s not only about being too much loud (which can cause deafness), but the sound system seems dead and should be replaced. i visited many hotels and never observed similar issue. The sound in Fairmont mosque really makes you feel uncomfortable and may cause deaf.""",Positive,sound,Engineering,loud,Negative,
200,"""poor elevators performance. very slow and despite there was no load on them, most of elevators are down and not working well. Also, most the screens inside elevators are not working! 
The sound system inside the hotel mosque should be fixed or replaced. The sound is very loud and it’s not only about being too much loud (which can cause deafness), but the sound system seems dead and should be replaced. i visited many hotels and never observed similar issue. The sound in Fairmont mosque really makes you feel uncomfortable and may cause deaf.""",Positive,elevators,Amenities,poor,Negative,
200,"""poor elevators performance. very slow and despite there was no load on them, most of elevators are down and not working well. Also, most the screens inside elevators are not working! 
The sound system inside the hotel mosque should be fixed or replaced. The sound is very loud and it’s not only about being too much loud (which can cause deafness), but the sound system seems dead and should be replaced. i visited many hotels and never observed similar issue. The sound in Fairmont mosque really makes you feel uncomfortable and may cause deaf.""",Positive,elevators,Amenities,slow,Negative,
200,"""poor elevators performance. very slow and despite there was no load on them, most of elevators are down and not working well. Also, most the screens inside elevators are not working! 
The sound system inside the hotel mosque should be fixed or replaced. The sound is very loud and it’s not only about being too much loud (which can cause deafness), but the sound system seems dead and should be replaced. i visited many hotels and never observed similar issue. The sound in Fairmont mosque really makes you feel uncomfortable and may cause deaf.""",Positive,sound,Engineering,uncomfortable,Negative,
200,"""poor elevators performance. very slow and despite there was no load on them, most of elevators are down and not working well. Also, most the screens inside elevators are not working! 
The sound system inside the hotel mosque should be fixed or replaced. The sound is very loud and it’s not only about being too much loud (which can cause deafness), but the sound system seems dead and should be replaced. i visited many hotels and never observed similar issue. The sound in Fairmont mosque really makes you feel uncomfortable and may cause deaf.""",Positive,screens,Engineering,null,Negative,
200,"""poor elevators performance. very slow and despite there was no load on them, most of elevators are down and not working well. Also, most the screens inside elevators are not working! 
The sound system inside the hotel mosque should be fixed or replaced. The sound is very loud and it’s not only about being too much loud (which can cause deafness), but the sound system seems dead and should be replaced. i visited many hotels and never observed similar issue. The sound in Fairmont mosque really makes you feel uncomfortable and may cause deaf.""",Positive,sound system,Engineering,null,Negative,
200,"""poor elevators performance. very slow and despite there was no load on them, most of elevators are down and not working well. Also, most the screens inside elevators are not working! 
The sound system inside the hotel mosque should be fixed or replaced. The sound is very loud and it’s not only about being too much loud (which can cause deafness), but the sound system seems dead and should be replaced. i visited many hotels and never observed similar issue. The sound in Fairmont mosque really makes you feel uncomfortable and may cause deaf.""",Positive,sound system,Engineering,null,Negative,
201,"“it was an amazing experience. I strongly recommend the hotel for everyone who would like to experience calmness, hospita”",Positive,experience,General,amazing,Positive,10
201,"“it was an amazing experience. I strongly recommend the hotel for everyone who would like to experience calmness, hospita”",Positive,hotel,General,null,Positive,10
202,"Everything is perfect, location, place and staff specially Mr Ahmed was too friendly and helpful. 
There is no playground for kids or swimming pool In the hotel, But there is a garden with playground just in front of the hotel
It was nice experience, I will visit agin for sure",Positive,null,Human Resources,friendly,Positive,
202,"Everything is perfect, location, place and staff specially Mr Ahmed was too friendly and helpful. 
There is no playground for kids or swimming pool In the hotel, But there is a garden with playground just in front of the hotel
It was nice experience, I will visit agin for sure",Positive,null,Human Resources,helpful,Positive,
202,"Everything is perfect, location, place and staff specially Mr Ahmed was too friendly and helpful. 
There is no playground for kids or swimming pool In the hotel, But there is a garden with playground just in front of the hotel
It was nice experience, I will visit agin for sure",Positive,experience,General,nice,Positive,
202,"Everything is perfect, location, place and staff specially Mr Ahmed was too friendly and helpful. 
There is no playground for kids or swimming pool In the hotel, But there is a garden with playground just in front of the hotel
It was nice experience, I will visit agin for sure",Positive,playground,Amenities,null,Positive,
202,"Everything is perfect, location, place and staff specially Mr Ahmed was too friendly and helpful. 
There is no playground for kids or swimming pool In the hotel, But there is a garden with playground just in front of the hotel
It was nice experience, I will visit agin for sure",Positive,pool,Amenities,null,Positive,
202,"Everything is perfect, location, place and staff specially Mr Ahmed was too friendly and helpful. 
There is no playground for kids or swimming pool In the hotel, But there is a garden with playground just in front of the hotel
It was nice experience, I will visit agin for sure",Positive,location,Location,null,Positive,
202,"Everything is perfect, location, place and staff specially Mr Ahmed was too friendly and helpful. 
There is no playground for kids or swimming pool In the hotel, But there is a garden with playground just in front of the hotel
It was nice experience, I will visit agin for sure",Positive,place,General,null,Positive,
202,"Everything is perfect, location, place and staff specially Mr Ahmed was too friendly and helpful. 
There is no playground for kids or swimming pool In the hotel, But there is a garden with playground just in front of the hotel
It was nice experience, I will visit agin for sure",Positive,staff,Human Resources,null,Positive,
202,"Everything is perfect, location, place and staff specially Mr Ahmed was too friendly and helpful. 
There is no playground for kids or swimming pool In the hotel, But there is a garden with playground just in front of the hotel
It was nice experience, I will visit agin for sure",Positive,Everything,General,perfect,Positive,
203,"I am regularly checking in this hotel for business trips or whatever but for the first time I was disappointed with the room and the experience.
Room #104 please check the bath is really messy the sink was plug, the shower door was broken. The safe wasn’t working and were bad lighting too and already informed the receptionist while checking out",Negative,lighting,Engineering,bad,Positive,
203,"I am regularly checking in this hotel for business trips or whatever but for the first time I was disappointed with the room and the experience.
Room #104 please check the bath is really messy the sink was plug, the shower door was broken. The safe wasn’t working and were bad lighting too and already informed the receptionist while checking out",Negative,shower door,Engineering,broken,Positive,
203,"I am regularly checking in this hotel for business trips or whatever but for the first time I was disappointed with the room and the experience.
Room #104 please check the bath is really messy the sink was plug, the shower door was broken. The safe wasn’t working and were bad lighting too and already informed the receptionist while checking out",Negative,experience,General,disappointed,Positive,
203,"I am regularly checking in this hotel for business trips or whatever but for the first time I was disappointed with the room and the experience.
Room #104 please check the bath is really messy the sink was plug, the shower door was broken. The safe wasn’t working and were bad lighting too and already informed the receptionist while checking out",Negative,room,Room,disappointed,Positive,
203,"I am regularly checking in this hotel for business trips or whatever but for the first time I was disappointed with the room and the experience.
Room #104 please check the bath is really messy the sink was plug, the shower door was broken. The safe wasn’t working and were bad lighting too and already informed the receptionist while checking out",Negative,bath,Housekeeping,messy,Positive,
203,"I am regularly checking in this hotel for business trips or whatever but for the first time I was disappointed with the room and the experience.
Room #104 please check the bath is really messy the sink was plug, the shower door was broken. The safe wasn’t working and were bad lighting too and already informed the receptionist while checking out",Negative,safe,Engineering,null,Positive,
203,"I am regularly checking in this hotel for business trips or whatever but for the first time I was disappointed with the room and the experience.
Room #104 please check the bath is really messy the sink was plug, the shower door was broken. The safe wasn’t working and were bad lighting too and already informed the receptionist while checking out",Negative,sink,Engineering,plug,Positive,
204,"Cleanliness, rooms were not cleaned properly. Bathroom drainage was broken, flush was broken.. when complained, the maintenance worker came and just removed the drainage cover but did not solve the issue. All in all, very bad experience",Negative,experience,General,bad,Negative,
204,"Cleanliness, rooms were not cleaned properly. Bathroom drainage was broken, flush was broken.. when complained, the maintenance worker came and just removed the drainage cover but did not solve the issue. All in all, very bad experience",Negative,drainage,Engineering,broken,Negative,
204,"Cleanliness, rooms were not cleaned properly. Bathroom drainage was broken, flush was broken.. when complained, the maintenance worker came and just removed the drainage cover but did not solve the issue. All in all, very bad experience",Negative,flush,Engineering,broken,Negative,
204,"Cleanliness, rooms were not cleaned properly. Bathroom drainage was broken, flush was broken.. when complained, the maintenance worker came and just removed the drainage cover but did not solve the issue. All in all, very bad experience",Negative,maintenance worker,Human Resources,null,Negative,
204,"Cleanliness, rooms were not cleaned properly. Bathroom drainage was broken, flush was broken.. when complained, the maintenance worker came and just removed the drainage cover but did not solve the issue. All in all, very bad experience",Negative,rooms,Housekeeping,null,Negative,
204,"Cleanliness, rooms were not cleaned properly. Bathroom drainage was broken, flush was broken.. when complained, the maintenance worker came and just removed the drainage cover but did not solve the issue. All in all, very bad experience",Negative,Cleanliness,Housekeeping,null,Negative,
205,"I booked two rooms. None of them was ready till late in the evening. I had to wait and go spend time in the mall awaiting check in.
Front desk personnel were helpless, despite their seeming politeness 
I was promised a late check out on return. But my cards were deliberately deactivated 
Not a nice experience 
Doesn’t meet the standards of Hayatt at all",Negative,Front desk personnel,Human Resources,helpless,Negative,
205,"I booked two rooms. None of them was ready till late in the evening. I had to wait and go spend time in the mall awaiting check in.
Front desk personnel were helpless, despite their seeming politeness 
I was promised a late check out on return. But my cards were deliberately deactivated 
Not a nice experience 
Doesn’t meet the standards of Hayatt at all",Negative,booked,Housekeeping,null,Negative,
205,"I booked two rooms. None of them was ready till late in the evening. I had to wait and go spend time in the mall awaiting check in.
Front desk personnel were helpless, despite their seeming politeness 
I was promised a late check out on return. But my cards were deliberately deactivated 
Not a nice experience 
Doesn’t meet the standards of Hayatt at all",Negative,Front desk personnel,Human Resources,null,Negative,
205,"I booked two rooms. None of them was ready till late in the evening. I had to wait and go spend time in the mall awaiting check in.
Front desk personnel were helpless, despite their seeming politeness 
I was promised a late check out on return. But my cards were deliberately deactivated 
Not a nice experience 
Doesn’t meet the standards of Hayatt at all",Negative,experience,General,null,Negative,
206,the room was big and the bed as well. Just these 2 things were good.,Positive,room,Room,big,Positive,
206,the room was big and the bed as well. Just these 2 things were good.,Positive,bed,Furniture,null,Positive,
207,Great service .It was very good experience . Very nice and cooperative staff .,Positive,staff,Human Resources,cooperative,Positive,
207,Great service .It was very good experience . Very nice and cooperative staff .,Positive,experience,General,good,Positive,
207,Great service .It was very good experience . Very nice and cooperative staff .,Positive,service,Human Resources,Great,Positive,
207,Great service .It was very good experience . Very nice and cooperative staff .,Positive,staff,Human Resources,nice,Positive,
208,"The property is fabulous, but facing a bad experience because of a silly mistake happened by booking.com, furthermore the cost from Booking.com was a double. 
This is the last time booking through Booking.com.",Neutral,experience,General,bad,Negative,
208,"The property is fabulous, but facing a bad experience because of a silly mistake happened by booking.com, furthermore the cost from Booking.com was a double. 
This is the last time booking through Booking.com.",Neutral,property,General,fabulous,Positive,
208,"The property is fabulous, but facing a bad experience because of a silly mistake happened by booking.com, furthermore the cost from Booking.com was a double. 
This is the last time booking through Booking.com.",Neutral,cost,Value,null,Positive,
209,The extra bed is not comfortable,Negative,bed,Furniture,null,Negative,
210,"The location is great, right off the steps of Makkah. Breakfast was a luxurious experience with a buffet full of international food. Our room was pretty big with enough room for 3 people.",Positive,room,Room,big,Positive,
210,"The location is great, right off the steps of Makkah. Breakfast was a luxurious experience with a buffet full of international food. Our room was pretty big with enough room for 3 people.",Positive,location,Location,great,Positive,
210,"The location is great, right off the steps of Makkah. Breakfast was a luxurious experience with a buffet full of international food. Our room was pretty big with enough room for 3 people.",Positive,Breakfast,Food and beverage,luxurious,Positive,
211,"reaching out the location was mission impossible, i arrived late and still my room wasn’t ready where I had to upgrade to suite and paid extra amount ! unfortunately the reception manager was lack of experience to handle the situation! the room service food quality not good , cold and delay in getting it",Negative,food,Food and beverage,cold,Negative,
211,"reaching out the location was mission impossible, i arrived late and still my room wasn’t ready where I had to upgrade to suite and paid extra amount ! unfortunately the reception manager was lack of experience to handle the situation! the room service food quality not good , cold and delay in getting it",Negative,food,Room,null,Negative,
211,"reaching out the location was mission impossible, i arrived late and still my room wasn’t ready where I had to upgrade to suite and paid extra amount ! unfortunately the reception manager was lack of experience to handle the situation! the room service food quality not good , cold and delay in getting it",Negative,food,Food and beverage,null,Negative,
211,"reaching out the location was mission impossible, i arrived late and still my room wasn’t ready where I had to upgrade to suite and paid extra amount ! unfortunately the reception manager was lack of experience to handle the situation! the room service food quality not good , cold and delay in getting it",Negative,room service,Room,null,Negative,
211,"reaching out the location was mission impossible, i arrived late and still my room wasn’t ready where I had to upgrade to suite and paid extra amount ! unfortunately the reception manager was lack of experience to handle the situation! the room service food quality not good , cold and delay in getting it",Negative,location,Lounge,null,Negative,
211,"reaching out the location was mission impossible, i arrived late and still my room wasn’t ready where I had to upgrade to suite and paid extra amount ! unfortunately the reception manager was lack of experience to handle the situation! the room service food quality not good , cold and delay in getting it",Negative,reception manager,Human Resources,null,Negative,
211,"reaching out the location was mission impossible, i arrived late and still my room wasn’t ready where I had to upgrade to suite and paid extra amount ! unfortunately the reception manager was lack of experience to handle the situation! the room service food quality not good , cold and delay in getting it",Negative,room,Housekeeping,null,Negative,
212,"I suffered massively in the check in, I was given the room at about 5:15 P.M after two hours, and honestly expected a compensation but sounded like no need from their side. I paid for higher value room to enjoy the luxury of 5 stars hotels at most but they gave me a room next to workers’ access to the floor. I was literally hearing every order accessing to the floor. and with other mistakes in charging me higher for a room service and refund me with orange juice, these all made unpleasant stay and not recommended.",Negative,null,Front office,null,Negative,
212,"I suffered massively in the check in, I was given the room at about 5:15 P.M after two hours, and honestly expected a compensation but sounded like no need from their side. I paid for higher value room to enjoy the luxury of 5 stars hotels at most but they gave me a room next to workers’ access to the floor. I was literally hearing every order accessing to the floor. and with other mistakes in charging me higher for a room service and refund me with orange juice, these all made unpleasant stay and not recommended.",Negative,null,Value,null,Negative,
212,"I suffered massively in the check in, I was given the room at about 5:15 P.M after two hours, and honestly expected a compensation but sounded like no need from their side. I paid for higher value room to enjoy the luxury of 5 stars hotels at most but they gave me a room next to workers’ access to the floor. I was literally hearing every order accessing to the floor. and with other mistakes in charging me higher for a room service and refund me with orange juice, these all made unpleasant stay and not recommended.",Negative,check in,Front office,null,Negative,
212,"I suffered massively in the check in, I was given the room at about 5:15 P.M after two hours, and honestly expected a compensation but sounded like no need from their side. I paid for higher value room to enjoy the luxury of 5 stars hotels at most but they gave me a room next to workers’ access to the floor. I was literally hearing every order accessing to the floor. and with other mistakes in charging me higher for a room service and refund me with orange juice, these all made unpleasant stay and not recommended.",Negative,null,Value,null,Negative,
212,"I suffered massively in the check in, I was given the room at about 5:15 P.M after two hours, and honestly expected a compensation but sounded like no need from their side. I paid for higher value room to enjoy the luxury of 5 stars hotels at most but they gave me a room next to workers’ access to the floor. I was literally hearing every order accessing to the floor. and with other mistakes in charging me higher for a room service and refund me with orange juice, these all made unpleasant stay and not recommended.",Negative,stay,General,null,Negative,
212,"I suffered massively in the check in, I was given the room at about 5:15 P.M after two hours, and honestly expected a compensation but sounded like no need from their side. I paid for higher value room to enjoy the luxury of 5 stars hotels at most but they gave me a room next to workers’ access to the floor. I was literally hearing every order accessing to the floor. and with other mistakes in charging me higher for a room service and refund me with orange juice, these all made unpleasant stay and not recommended.",Negative,null,General,unpleasant,Negative,
213,"A little bit slow check in and not all elevators arrived to the 38th floor where my room was also we payed for lunch they served only water included and they informed us that any other drinks needs to be payed as extra charge which did not satisfy me while breakfast water , juice and tea was included",Negative,null,Value,null,Negative,
213,"A little bit slow check in and not all elevators arrived to the 38th floor where my room was also we payed for lunch they served only water included and they informed us that any other drinks needs to be payed as extra charge which did not satisfy me while breakfast water , juice and tea was included",Negative,elevators,Amenities,null,Negative,
213,"A little bit slow check in and not all elevators arrived to the 38th floor where my room was also we payed for lunch they served only water included and they informed us that any other drinks needs to be payed as extra charge which did not satisfy me while breakfast water , juice and tea was included",Negative,check in,Front office,slow,Negative,
214,"Bathroom need maintenance, muslim shower valve is leaking making all the floor wet and may be a tripping hazard.
TV not working, no batteries in remote control. Requested twice but not provided. 
No table lamp so when u switch off lights, it is complete dark.",Negative,valve,Engineering,leaking,Negative,
214,"Bathroom need maintenance, muslim shower valve is leaking making all the floor wet and may be a tripping hazard.
TV not working, no batteries in remote control. Requested twice but not provided. 
No table lamp so when u switch off lights, it is complete dark.",Negative,Bathroom,Engineering,null,Negative,
214,"Bathroom need maintenance, muslim shower valve is leaking making all the floor wet and may be a tripping hazard.
TV not working, no batteries in remote control. Requested twice but not provided. 
No table lamp so when u switch off lights, it is complete dark.",Negative,lamp,Furniture,null,Negative,
214,"Bathroom need maintenance, muslim shower valve is leaking making all the floor wet and may be a tripping hazard.
TV not working, no batteries in remote control. Requested twice but not provided. 
No table lamp so when u switch off lights, it is complete dark.",Negative,remote control,Engineering,null,Negative,
214,"Bathroom need maintenance, muslim shower valve is leaking making all the floor wet and may be a tripping hazard.
TV not working, no batteries in remote control. Requested twice but not provided. 
No table lamp so when u switch off lights, it is complete dark.",Negative,Requested,Room services,null,Negative,
214,"Bathroom need maintenance, muslim shower valve is leaking making all the floor wet and may be a tripping hazard.
TV not working, no batteries in remote control. Requested twice but not provided. 
No table lamp so when u switch off lights, it is complete dark.",Negative,TV,Engineering,null,Negative,
215,Excellent Hotel in Taif City with good staffs. Hotel is good and clean. Worth for money and Lounge is 7th floor is awesome to spend some time with your family.,Positive,Lounge,Lounge,awesome,Positive,
215,Excellent Hotel in Taif City with good staffs. Hotel is good and clean. Worth for money and Lounge is 7th floor is awesome to spend some time with your family.,Positive,Hotel,Housekeeping,clean,Positive,
215,Excellent Hotel in Taif City with good staffs. Hotel is good and clean. Worth for money and Lounge is 7th floor is awesome to spend some time with your family.,Positive,Hotel,General,Excellent,Positive,
215,Excellent Hotel in Taif City with good staffs. Hotel is good and clean. Worth for money and Lounge is 7th floor is awesome to spend some time with your family.,Positive,staffs,Human Resources,good,Positive,
215,Excellent Hotel in Taif City with good staffs. Hotel is good and clean. Worth for money and Lounge is 7th floor is awesome to spend some time with your family.,Positive,Hotel,General,good,Positive,
215,Excellent Hotel in Taif City with good staffs. Hotel is good and clean. Worth for money and Lounge is 7th floor is awesome to spend some time with your family.,Positive,null,Value,null,Positive,
216,"There is no gym no breakfast. You should clarify that before I booked. The bath provide you with hot water only for few minutes then it turn cold, I had to shower with cold water two times. Bed not really comfortable but it is ok",Negative,gym,Amenities,null,Negative,
216,"There is no gym no breakfast. You should clarify that before I booked. The bath provide you with hot water only for few minutes then it turn cold, I had to shower with cold water two times. Bed not really comfortable but it is ok",Negative,breakfast,General,null,Negative,
216,"There is no gym no breakfast. You should clarify that before I booked. The bath provide you with hot water only for few minutes then it turn cold, I had to shower with cold water two times. Bed not really comfortable but it is ok",Negative,hot water,Engineering,null,Negative,
216,"There is no gym no breakfast. You should clarify that before I booked. The bath provide you with hot water only for few minutes then it turn cold, I had to shower with cold water two times. Bed not really comfortable but it is ok",Negative,Bed,Furniture,null,Negative,
217,"Excellent location very close to the ladies' gate only 1 min walk
Breakfast is very good
Excellent Wifi on the 5th floor",Positive,location,Location,Excellent,Positive,
217,"Excellent location very close to the ladies' gate only 1 min walk
Breakfast is very good
Excellent Wifi on the 5th floor",Positive,Wifi,Amenities,Excellent,Positive,
217,"Excellent location very close to the ladies' gate only 1 min walk
Breakfast is very good
Excellent Wifi on the 5th floor",Positive,Breakfast,Food and beverage,good,Positive,
218,My room was in second floor . Too noisy the AC equipments outside the windows their sound was too loud all the day and night .,Negative,AC,Engineering,loud,Negative,
218,My room was in second floor . Too noisy the AC equipments outside the windows their sound was too loud all the day and night .,Negative,room,Room,noisy,Negative,
219,"The cleaning was bad .. the smell of the bathroom was very bad. Bedsheet on the bed used . They didn't provide bath towel until we request , no hand towel . The price is high comparing with the situation.",Negative,smell of the bathroom,Housekeeping,bad,Negative,
219,"The cleaning was bad .. the smell of the bathroom was very bad. Bedsheet on the bed used . They didn't provide bath towel until we request , no hand towel . The price is high comparing with the situation.",Negative,cleaning,Housekeeping,bad,Negative,
219,"The cleaning was bad .. the smell of the bathroom was very bad. Bedsheet on the bed used . They didn't provide bath towel until we request , no hand towel . The price is high comparing with the situation.",Negative,price,Value,high,Negative,
219,"The cleaning was bad .. the smell of the bathroom was very bad. Bedsheet on the bed used . They didn't provide bath towel until we request , no hand towel . The price is high comparing with the situation.",Negative,bath towel,Housekeeping,null,Negative,
219,"The cleaning was bad .. the smell of the bathroom was very bad. Bedsheet on the bed used . They didn't provide bath towel until we request , no hand towel . The price is high comparing with the situation.",Negative,hand towel,Housekeeping,null,Negative,
219,"The cleaning was bad .. the smell of the bathroom was very bad. Bedsheet on the bed used . They didn't provide bath towel until we request , no hand towel . The price is high comparing with the situation.",Negative,Bedsheet,Housekeeping,used,Negative,
220,"Its hard to ask for simple things such as a bottle of water, towels, meals. It all takes hours to bring it to you, and if you asked only once, you’re not going to get it lol!! And lets not start with how dirty the floor was the day we arrived, my white socks turned black immediately (literally turned black) 
Also, you should know that whenever you need an extra towel, you need to give them the towels in your room.. :) which you might be using in that time… 
Cleaning the room will end at 12PM and start again at 5PM or 6, and you need to expect that your room will not be cleaned for two days in a row if it was after 12PM…
The reception downstairs has only one person to do everything, so don’t expect the reception to answer your phone call unless you waited for half an hour. 
The breakfast isn’t the best at all.
I believe staying at the other hotel next to it will give you a better experience, because staying at a hotel like this one, and getting this kind of service.. it doesn’t worth the price neither the trip, they ruined my vacation by making me mad everyday for a week",Negative,floor,Housekeeping,dirty,Negative,
220,"Its hard to ask for simple things such as a bottle of water, towels, meals. It all takes hours to bring it to you, and if you asked only once, you’re not going to get it lol!! And lets not start with how dirty the floor was the day we arrived, my white socks turned black immediately (literally turned black) 
Also, you should know that whenever you need an extra towel, you need to give them the towels in your room.. :) which you might be using in that time… 
Cleaning the room will end at 12PM and start again at 5PM or 6, and you need to expect that your room will not be cleaned for two days in a row if it was after 12PM…
The reception downstairs has only one person to do everything, so don’t expect the reception to answer your phone call unless you waited for half an hour. 
The breakfast isn’t the best at all.
I believe staying at the other hotel next to it will give you a better experience, because staying at a hotel like this one, and getting this kind of service.. it doesn’t worth the price neither the trip, they ruined my vacation by making me mad everyday for a week",Negative,breakfast,Food and beverage,null,Negative,
220,"Its hard to ask for simple things such as a bottle of water, towels, meals. It all takes hours to bring it to you, and if you asked only once, you’re not going to get it lol!! And lets not start with how dirty the floor was the day we arrived, my white socks turned black immediately (literally turned black) 
Also, you should know that whenever you need an extra towel, you need to give them the towels in your room.. :) which you might be using in that time… 
Cleaning the room will end at 12PM and start again at 5PM or 6, and you need to expect that your room will not be cleaned for two days in a row if it was after 12PM…
The reception downstairs has only one person to do everything, so don’t expect the reception to answer your phone call unless you waited for half an hour. 
The breakfast isn’t the best at all.
I believe staying at the other hotel next to it will give you a better experience, because staying at a hotel like this one, and getting this kind of service.. it doesn’t worth the price neither the trip, they ruined my vacation by making me mad everyday for a week",Negative,price,Value,null,Negative,
220,"Its hard to ask for simple things such as a bottle of water, towels, meals. It all takes hours to bring it to you, and if you asked only once, you’re not going to get it lol!! And lets not start with how dirty the floor was the day we arrived, my white socks turned black immediately (literally turned black) 
Also, you should know that whenever you need an extra towel, you need to give them the towels in your room.. :) which you might be using in that time… 
Cleaning the room will end at 12PM and start again at 5PM or 6, and you need to expect that your room will not be cleaned for two days in a row if it was after 12PM…
The reception downstairs has only one person to do everything, so don’t expect the reception to answer your phone call unless you waited for half an hour. 
The breakfast isn’t the best at all.
I believe staying at the other hotel next to it will give you a better experience, because staying at a hotel like this one, and getting this kind of service.. it doesn’t worth the price neither the trip, they ruined my vacation by making me mad everyday for a week",Negative,null,Room services,null,Negative,
220,"Its hard to ask for simple things such as a bottle of water, towels, meals. It all takes hours to bring it to you, and if you asked only once, you’re not going to get it lol!! And lets not start with how dirty the floor was the day we arrived, my white socks turned black immediately (literally turned black) 
Also, you should know that whenever you need an extra towel, you need to give them the towels in your room.. :) which you might be using in that time… 
Cleaning the room will end at 12PM and start again at 5PM or 6, and you need to expect that your room will not be cleaned for two days in a row if it was after 12PM…
The reception downstairs has only one person to do everything, so don’t expect the reception to answer your phone call unless you waited for half an hour. 
The breakfast isn’t the best at all.
I believe staying at the other hotel next to it will give you a better experience, because staying at a hotel like this one, and getting this kind of service.. it doesn’t worth the price neither the trip, they ruined my vacation by making me mad everyday for a week",Negative,reception,Front office,null,Negative,
221,Floor carpets and wall curtains needs urgent cleaning.,Negative,carpets,Housekeeping,null,Negative,
221,Floor carpets and wall curtains needs urgent cleaning.,Negative,curtains,Housekeeping,null,Negative,
222,Most beautiful places in Riyadh especially lady's pool in 27th floor fantastic roof top pool amazing and hotel is clean and maintain very well housekeeping boy Sujan and Bishman clean the room very well and supervisor Basith,Positive,places,General,beautiful,Positive,
222,Most beautiful places in Riyadh especially lady's pool in 27th floor fantastic roof top pool amazing and hotel is clean and maintain very well housekeeping boy Sujan and Bishman clean the room very well and supervisor Basith,Positive,pool,Amenities,fantastic,Positive,
222,Most beautiful places in Riyadh especially lady's pool in 27th floor fantastic roof top pool amazing and hotel is clean and maintain very well housekeeping boy Sujan and Bishman clean the room very well and supervisor Basith,Positive,pool,Amenities,amazing,Positive,
222,Most beautiful places in Riyadh especially lady's pool in 27th floor fantastic roof top pool amazing and hotel is clean and maintain very well housekeeping boy Sujan and Bishman clean the room very well and supervisor Basith,Positive,hotel,Housekeeping,clean,Positive,
222,Most beautiful places in Riyadh especially lady's pool in 27th floor fantastic roof top pool amazing and hotel is clean and maintain very well housekeeping boy Sujan and Bishman clean the room very well and supervisor Basith,Positive,hotel,Engineering,null,Positive,
222,Most beautiful places in Riyadh especially lady's pool in 27th floor fantastic roof top pool amazing and hotel is clean and maintain very well housekeeping boy Sujan and Bishman clean the room very well and supervisor Basith,Positive,housekeeping,Housekeeping,null,Positive,
222,Most beautiful places in Riyadh especially lady's pool in 27th floor fantastic roof top pool amazing and hotel is clean and maintain very well housekeeping boy Sujan and Bishman clean the room very well and supervisor Basith,Positive,Sujan,Human Resources,null,Positive,
222,Most beautiful places in Riyadh especially lady's pool in 27th floor fantastic roof top pool amazing and hotel is clean and maintain very well housekeeping boy Sujan and Bishman clean the room very well and supervisor Basith,Positive,Bishman,Human Resources,null,Positive,
222,Most beautiful places in Riyadh especially lady's pool in 27th floor fantastic roof top pool amazing and hotel is clean and maintain very well housekeeping boy Sujan and Bishman clean the room very well and supervisor Basith,Positive,supervisor,Human Resources,null,Positive,
223,"1. Located front to Ladies entrance.
2. Azaan is heard in your room. (we stayed on 8th floor)
3. Clear View of Haramm from the dining area also.
4. (Covid19) Temperature check machine at entrance Also dispenses hand sanitiser everytime u check temp.
5. Excellent price for stay in 1st row of hotels in front of Haramm.
6. Coffee, Donut , Fastfood shops are nearby.
7. Due to covid19, hotel is renting only limited capacity of rooms which helps in maintaining social distancing.",Positive,Located,Location,null,Positive,
223,"1. Located front to Ladies entrance.
2. Azaan is heard in your room. (we stayed on 8th floor)
3. Clear View of Haramm from the dining area also.
4. (Covid19) Temperature check machine at entrance Also dispenses hand sanitiser everytime u check temp.
5. Excellent price for stay in 1st row of hotels in front of Haramm.
6. Coffee, Donut , Fastfood shops are nearby.
7. Due to covid19, hotel is renting only limited capacity of rooms which helps in maintaining social distancing.",Positive,Azaan,General,null,Positive,
223,"1. Located front to Ladies entrance.
2. Azaan is heard in your room. (we stayed on 8th floor)
3. Clear View of Haramm from the dining area also.
4. (Covid19) Temperature check machine at entrance Also dispenses hand sanitiser everytime u check temp.
5. Excellent price for stay in 1st row of hotels in front of Haramm.
6. Coffee, Donut , Fastfood shops are nearby.
7. Due to covid19, hotel is renting only limited capacity of rooms which helps in maintaining social distancing.",Positive,View,General,Clear,Positive,
223,"1. Located front to Ladies entrance.
2. Azaan is heard in your room. (we stayed on 8th floor)
3. Clear View of Haramm from the dining area also.
4. (Covid19) Temperature check machine at entrance Also dispenses hand sanitiser everytime u check temp.
5. Excellent price for stay in 1st row of hotels in front of Haramm.
6. Coffee, Donut , Fastfood shops are nearby.
7. Due to covid19, hotel is renting only limited capacity of rooms which helps in maintaining social distancing.",Positive,price,Value,Excellent,Positive,
223,"1. Located front to Ladies entrance.
2. Azaan is heard in your room. (we stayed on 8th floor)
3. Clear View of Haramm from the dining area also.
4. (Covid19) Temperature check machine at entrance Also dispenses hand sanitiser everytime u check temp.
5. Excellent price for stay in 1st row of hotels in front of Haramm.
6. Coffee, Donut , Fastfood shops are nearby.
7. Due to covid19, hotel is renting only limited capacity of rooms which helps in maintaining social distancing.",Positive,shops,Location,nearby,Positive,
224,The access to Haram was problematic . I was given room on 53rd floor and I have to use two sets of elevators to reach the ground floor. In the first set out of 12 lifts only 3 were available for our use and they are always crowded and the second set of lifts are more crowded. I will prefer to stay at hotels with easy access to haram. The other facilities were average.,Negative,access,General,problematic,Negative,
224,The access to Haram was problematic . I was given room on 53rd floor and I have to use two sets of elevators to reach the ground floor. In the first set out of 12 lifts only 3 were available for our use and they are always crowded and the second set of lifts are more crowded. I will prefer to stay at hotels with easy access to haram. The other facilities were average.,Negative,elevators,Amenities,null,Negative,
224,The access to Haram was problematic . I was given room on 53rd floor and I have to use two sets of elevators to reach the ground floor. In the first set out of 12 lifts only 3 were available for our use and they are always crowded and the second set of lifts are more crowded. I will prefer to stay at hotels with easy access to haram. The other facilities were average.,Negative,lifts,Amenities,null,Negative,
224,The access to Haram was problematic . I was given room on 53rd floor and I have to use two sets of elevators to reach the ground floor. In the first set out of 12 lifts only 3 were available for our use and they are always crowded and the second set of lifts are more crowded. I will prefer to stay at hotels with easy access to haram. The other facilities were average.,Negative,lifts,Amenities,crowded,Negative,
224,The access to Haram was problematic . I was given room on 53rd floor and I have to use two sets of elevators to reach the ground floor. In the first set out of 12 lifts only 3 were available for our use and they are always crowded and the second set of lifts are more crowded. I will prefer to stay at hotels with easy access to haram. The other facilities were average.,Negative,facilities,amenities,average,Negative,
225,"Corridor carpet was very dirty, there was a huge smelly and only lift was there therefore I have missed 2 prayers",Negative,carpet,Housekeeping,dirty,Negative,
225,"Corridor carpet was very dirty, there was a huge smelly and only lift was there therefore I have missed 2 prayers",Negative,carpet,Housekeeping,smelly,Negative,
225,"Corridor carpet was very dirty, there was a huge smelly and only lift was there therefore I have missed 2 prayers",Negative,lift,Amenities,null,Negative,
226,"this place is located in Aziziya so quite far from haram but on the main road next to many restaurants and shopping areas. the hotel is very modern with big room sizes and many lifts. an hourly shuttle service is available which is good for all days except fridays for obvious reasons. parking is free and it is on site/basement. I enjoyed staying here especially they allowed me early checkin and upgraded my room
P.S I faced a concern as when I booked this hotel, booking dot com suggested a room mentioning it is good for 5 persons but in reality it is not fit even for 3 so select superior guest room or better check with the hotel. thank you fouad for solving my problem",Neutral,located,Location,null,Negative,
226,"this place is located in Aziziya so quite far from haram but on the main road next to many restaurants and shopping areas. the hotel is very modern with big room sizes and many lifts. an hourly shuttle service is available which is good for all days except fridays for obvious reasons. parking is free and it is on site/basement. I enjoyed staying here especially they allowed me early checkin and upgraded my room
P.S I faced a concern as when I booked this hotel, booking dot com suggested a room mentioning it is good for 5 persons but in reality it is not fit even for 3 so select superior guest room or better check with the hotel. thank you fouad for solving my problem",Neutral,located,Lounge,null,Positive,
226,"this place is located in Aziziya so quite far from haram but on the main road next to many restaurants and shopping areas. the hotel is very modern with big room sizes and many lifts. an hourly shuttle service is available which is good for all days except fridays for obvious reasons. parking is free and it is on site/basement. I enjoyed staying here especially they allowed me early checkin and upgraded my room
P.S I faced a concern as when I booked this hotel, booking dot com suggested a room mentioning it is good for 5 persons but in reality it is not fit even for 3 so select superior guest room or better check with the hotel. thank you fouad for solving my problem",Neutral,hotel,General,modern,Positive,
226,"this place is located in Aziziya so quite far from haram but on the main road next to many restaurants and shopping areas. the hotel is very modern with big room sizes and many lifts. an hourly shuttle service is available which is good for all days except fridays for obvious reasons. parking is free and it is on site/basement. I enjoyed staying here especially they allowed me early checkin and upgraded my room
P.S I faced a concern as when I booked this hotel, booking dot com suggested a room mentioning it is good for 5 persons but in reality it is not fit even for 3 so select superior guest room or better check with the hotel. thank you fouad for solving my problem",Neutral,room,Room,big,Positive,
226,"this place is located in Aziziya so quite far from haram but on the main road next to many restaurants and shopping areas. the hotel is very modern with big room sizes and many lifts. an hourly shuttle service is available which is good for all days except fridays for obvious reasons. parking is free and it is on site/basement. I enjoyed staying here especially they allowed me early checkin and upgraded my room
P.S I faced a concern as when I booked this hotel, booking dot com suggested a room mentioning it is good for 5 persons but in reality it is not fit even for 3 so select superior guest room or better check with the hotel. thank you fouad for solving my problem",Neutral,lifts,Amenities,null,Positive,
226,"this place is located in Aziziya so quite far from haram but on the main road next to many restaurants and shopping areas. the hotel is very modern with big room sizes and many lifts. an hourly shuttle service is available which is good for all days except fridays for obvious reasons. parking is free and it is on site/basement. I enjoyed staying here especially they allowed me early checkin and upgraded my room
P.S I faced a concern as when I booked this hotel, booking dot com suggested a room mentioning it is good for 5 persons but in reality it is not fit even for 3 so select superior guest room or better check with the hotel. thank you fouad for solving my problem",Neutral,shuttle,Amenities,available,Positive,
226,"this place is located in Aziziya so quite far from haram but on the main road next to many restaurants and shopping areas. the hotel is very modern with big room sizes and many lifts. an hourly shuttle service is available which is good for all days except fridays for obvious reasons. parking is free and it is on site/basement. I enjoyed staying here especially they allowed me early checkin and upgraded my room
P.S I faced a concern as when I booked this hotel, booking dot com suggested a room mentioning it is good for 5 persons but in reality it is not fit even for 3 so select superior guest room or better check with the hotel. thank you fouad for solving my problem",Neutral,parking,Amenities,free,Positive,
226,"this place is located in Aziziya so quite far from haram but on the main road next to many restaurants and shopping areas. the hotel is very modern with big room sizes and many lifts. an hourly shuttle service is available which is good for all days except fridays for obvious reasons. parking is free and it is on site/basement. I enjoyed staying here especially they allowed me early checkin and upgraded my room
P.S I faced a concern as when I booked this hotel, booking dot com suggested a room mentioning it is good for 5 persons but in reality it is not fit even for 3 so select superior guest room or better check with the hotel. thank you fouad for solving my problem",Neutral,staying,General,enjoyed,Positive,
226,"this place is located in Aziziya so quite far from haram but on the main road next to many restaurants and shopping areas. the hotel is very modern with big room sizes and many lifts. an hourly shuttle service is available which is good for all days except fridays for obvious reasons. parking is free and it is on site/basement. I enjoyed staying here especially they allowed me early checkin and upgraded my room
P.S I faced a concern as when I booked this hotel, booking dot com suggested a room mentioning it is good for 5 persons but in reality it is not fit even for 3 so select superior guest room or better check with the hotel. thank you fouad for solving my problem",Neutral,booking,Reservations,null,Negative,
226,"this place is located in Aziziya so quite far from haram but on the main road next to many restaurants and shopping areas. the hotel is very modern with big room sizes and many lifts. an hourly shuttle service is available which is good for all days except fridays for obvious reasons. parking is free and it is on site/basement. I enjoyed staying here especially they allowed me early checkin and upgraded my room
P.S I faced a concern as when I booked this hotel, booking dot com suggested a room mentioning it is good for 5 persons but in reality it is not fit even for 3 so select superior guest room or better check with the hotel. thank you fouad for solving my problem",Neutral,null,Human Resources,null,Positive,
227,"Property manager needs to seriously consider the facilities being provided against the money charged. Lifts are not enough to cater and long queues were seen often resulting in delays for prayers. Lifts are too small
Despite repeatedly asking and waiting for an hour “ Iron “ was never provided. This was most disappointing. Rooms are extremely small and could hardly fit 2 trolley bags. Toilets / Showers are also less than average. Concierge is busy and is impacted by lift issues. Overall not worth the money charged for less than average room.",Negative,facilities,Value,null,Negative,
227,"Property manager needs to seriously consider the facilities being provided against the money charged. Lifts are not enough to cater and long queues were seen often resulting in delays for prayers. Lifts are too small
Despite repeatedly asking and waiting for an hour “ Iron “ was never provided. This was most disappointing. Rooms are extremely small and could hardly fit 2 trolley bags. Toilets / Showers are also less than average. Concierge is busy and is impacted by lift issues. Overall not worth the money charged for less than average room.",Negative,Lifts,Amenities,null,Negative,
227,"Property manager needs to seriously consider the facilities being provided against the money charged. Lifts are not enough to cater and long queues were seen often resulting in delays for prayers. Lifts are too small
Despite repeatedly asking and waiting for an hour “ Iron “ was never provided. This was most disappointing. Rooms are extremely small and could hardly fit 2 trolley bags. Toilets / Showers are also less than average. Concierge is busy and is impacted by lift issues. Overall not worth the money charged for less than average room.",Negative,Lifts,Amenities,small,Negative,
227,"Property manager needs to seriously consider the facilities being provided against the money charged. Lifts are not enough to cater and long queues were seen often resulting in delays for prayers. Lifts are too small
Despite repeatedly asking and waiting for an hour “ Iron “ was never provided. This was most disappointing. Rooms are extremely small and could hardly fit 2 trolley bags. Toilets / Showers are also less than average. Concierge is busy and is impacted by lift issues. Overall not worth the money charged for less than average room.",Negative,asking,Room services,null,Negative,
227,"Property manager needs to seriously consider the facilities being provided against the money charged. Lifts are not enough to cater and long queues were seen often resulting in delays for prayers. Lifts are too small
Despite repeatedly asking and waiting for an hour “ Iron “ was never provided. This was most disappointing. Rooms are extremely small and could hardly fit 2 trolley bags. Toilets / Showers are also less than average. Concierge is busy and is impacted by lift issues. Overall not worth the money charged for less than average room.",Negative,Rooms,Room,small,Negative,
227,"Property manager needs to seriously consider the facilities being provided against the money charged. Lifts are not enough to cater and long queues were seen often resulting in delays for prayers. Lifts are too small
Despite repeatedly asking and waiting for an hour “ Iron “ was never provided. This was most disappointing. Rooms are extremely small and could hardly fit 2 trolley bags. Toilets / Showers are also less than average. Concierge is busy and is impacted by lift issues. Overall not worth the money charged for less than average room.",Negative,Toilets,Amenities,null,Negative,
227,"Property manager needs to seriously consider the facilities being provided against the money charged. Lifts are not enough to cater and long queues were seen often resulting in delays for prayers. Lifts are too small
Despite repeatedly asking and waiting for an hour “ Iron “ was never provided. This was most disappointing. Rooms are extremely small and could hardly fit 2 trolley bags. Toilets / Showers are also less than average. Concierge is busy and is impacted by lift issues. Overall not worth the money charged for less than average room.",Negative,Showers,Amenities,null,Negative,
227,"Property manager needs to seriously consider the facilities being provided against the money charged. Lifts are not enough to cater and long queues were seen often resulting in delays for prayers. Lifts are too small
Despite repeatedly asking and waiting for an hour “ Iron “ was never provided. This was most disappointing. Rooms are extremely small and could hardly fit 2 trolley bags. Toilets / Showers are also less than average. Concierge is busy and is impacted by lift issues. Overall not worth the money charged for less than average room.",Negative,Concierge,Human Resources,busy,Negative,
227,"Property manager needs to seriously consider the facilities being provided against the money charged. Lifts are not enough to cater and long queues were seen often resulting in delays for prayers. Lifts are too small
Despite repeatedly asking and waiting for an hour “ Iron “ was never provided. This was most disappointing. Rooms are extremely small and could hardly fit 2 trolley bags. Toilets / Showers are also less than average. Concierge is busy and is impacted by lift issues. Overall not worth the money charged for less than average room.",Negative,Overall,Value,null,Negative,
228,"I liked the hotel decorations, room, location, staff, easy accessibility to lifts
Many thanks and sincere to Mr Hany in Reception during checkout he is very friendly, helpful and kind person.",Positive,decorations,General,liked,Positive,
228,"I liked the hotel decorations, room, location, staff, easy accessibility to lifts
Many thanks and sincere to Mr Hany in Reception during checkout he is very friendly, helpful and kind person.",Positive,room,Room,liked,Positive,
228,"I liked the hotel decorations, room, location, staff, easy accessibility to lifts
Many thanks and sincere to Mr Hany in Reception during checkout he is very friendly, helpful and kind person.",Positive,location,Location,liked,Positive,
228,"I liked the hotel decorations, room, location, staff, easy accessibility to lifts
Many thanks and sincere to Mr Hany in Reception during checkout he is very friendly, helpful and kind person.",Positive,staff,Human Resources,liked,Positive,
228,"I liked the hotel decorations, room, location, staff, easy accessibility to lifts
Many thanks and sincere to Mr Hany in Reception during checkout he is very friendly, helpful and kind person.",Positive,lifts,Amenities,null,Positive,
228,"I liked the hotel decorations, room, location, staff, easy accessibility to lifts
Many thanks and sincere to Mr Hany in Reception during checkout he is very friendly, helpful and kind person.",Positive,null,Human Resources,friendly,Positive,
228,"I liked the hotel decorations, room, location, staff, easy accessibility to lifts
Many thanks and sincere to Mr Hany in Reception during checkout he is very friendly, helpful and kind person.",Positive,null,Human Resources,helpful,Positive,
228,"I liked the hotel decorations, room, location, staff, easy accessibility to lifts
Many thanks and sincere to Mr Hany in Reception during checkout he is very friendly, helpful and kind person.",Positive,null,Human Resources,kind,Positive,
229,"Everything… disaster in every aspect: very bad WiFi, gloomy, stuffy, crowded lifts (only 3), dirty, unclean carpets, small beds, poor customer service, no parking. Nothing like the photos !",Negative,null,General,disaster,Negative,
229,"Everything… disaster in every aspect: very bad WiFi, gloomy, stuffy, crowded lifts (only 3), dirty, unclean carpets, small beds, poor customer service, no parking. Nothing like the photos !",Negative,WiFi,Amenities,bad,Negative,
229,"Everything… disaster in every aspect: very bad WiFi, gloomy, stuffy, crowded lifts (only 3), dirty, unclean carpets, small beds, poor customer service, no parking. Nothing like the photos !",Negative,lifts,Amenities,gloomy,Negative,
229,"Everything… disaster in every aspect: very bad WiFi, gloomy, stuffy, crowded lifts (only 3), dirty, unclean carpets, small beds, poor customer service, no parking. Nothing like the photos !",Negative,lifts,Amenities,stuffy,Negative,
229,"Everything… disaster in every aspect: very bad WiFi, gloomy, stuffy, crowded lifts (only 3), dirty, unclean carpets, small beds, poor customer service, no parking. Nothing like the photos !",Negative,lifts,Amenities,crowded,Negative,
229,"Everything… disaster in every aspect: very bad WiFi, gloomy, stuffy, crowded lifts (only 3), dirty, unclean carpets, small beds, poor customer service, no parking. Nothing like the photos !",Negative,carpets,Housekeeping,dirty,Negative,
229,"Everything… disaster in every aspect: very bad WiFi, gloomy, stuffy, crowded lifts (only 3), dirty, unclean carpets, small beds, poor customer service, no parking. Nothing like the photos !",Negative,carpets,Housekeeping,unclean,Negative,
229,"Everything… disaster in every aspect: very bad WiFi, gloomy, stuffy, crowded lifts (only 3), dirty, unclean carpets, small beds, poor customer service, no parking. Nothing like the photos !",Negative,beds,Furniture,small,Negative,
229,"Everything… disaster in every aspect: very bad WiFi, gloomy, stuffy, crowded lifts (only 3), dirty, unclean carpets, small beds, poor customer service, no parking. Nothing like the photos !",Negative,customer service,Human Resources,poor,Negative,
229,"Everything… disaster in every aspect: very bad WiFi, gloomy, stuffy, crowded lifts (only 3), dirty, unclean carpets, small beds, poor customer service, no parking. Nothing like the photos !",Negative,parking,Amenities,null,Negative,
229,"Everything… disaster in every aspect: very bad WiFi, gloomy, stuffy, crowded lifts (only 3), dirty, unclean carpets, small beds, poor customer service, no parking. Nothing like the photos !",Negative,photos,Sales and marketing,null,Negative,
230,The property is well maintained. the lounge is very impressive and good number of lifts.,Positive,property,General,well maintained,Positive,
230,The property is well maintained. the lounge is very impressive and good number of lifts.,Positive,lounge,Lounge,impressive,Positive,
230,The property is well maintained. the lounge is very impressive and good number of lifts.,Positive,lifts,Amenities,null,Positive,
231,"Breakfast very limited variety 
Room was very tiny
Reception takes ages to pick up call
Limited lifts, gets very crowded during prayer timings and after prayers that it takes one to get to room 30 mins.",Negative,Breakfast,Food and beverage,limited,Negative,
231,"Breakfast very limited variety 
Room was very tiny
Reception takes ages to pick up call
Limited lifts, gets very crowded during prayer timings and after prayers that it takes one to get to room 30 mins.",Negative,Room,Room,tiny,Negative,
231,"Breakfast very limited variety 
Room was very tiny
Reception takes ages to pick up call
Limited lifts, gets very crowded during prayer timings and after prayers that it takes one to get to room 30 mins.",Negative,Reception,Front office,null,Negative,
231,"Breakfast very limited variety 
Room was very tiny
Reception takes ages to pick up call
Limited lifts, gets very crowded during prayer timings and after prayers that it takes one to get to room 30 mins.",Negative,lifts,Amenities,Limited,Negative,
231,"Breakfast very limited variety 
Room was very tiny
Reception takes ages to pick up call
Limited lifts, gets very crowded during prayer timings and after prayers that it takes one to get to room 30 mins.",Negative,lifts,Amenities,crowded,Negative,
